Time(seconds),Bus Name,Signal Name,Data
6.996342000,Async 5,Digital 6,04
6.996429000,Async 5,Digital 6,3E
6.996516000,Async 5,Digital 6,13
6.996602000,Async 5,Digital 6,01
6.996689000,Async 5,Digital 6,00
6.996776000,Async 5,Digital 6,48
6.996863000,Async 5,Digital 6,00
6.996949000,Async 5,Digital 6,01
6.997036000,Async 5,Digital 6,01
6.997123000,Async 5,Digital 6,00
6.997209000,Async 5,Digital 6,14
6.997296000,Async 5,Digital 6,03
6.997383000,Async 5,Digital 6,BE
6.997470000,Async 5,Digital 6,99
6.997556000,Async 5,Digital 6,76
6.997643000,Async 5,Digital 6,18
6.997730000,Async 5,Digital 6,00
6.997816000,Async 5,Digital 6,00
6.997903000,Async 5,Digital 6,00
6.997990000,Async 5,Digital 6,48
6.998077000,Async 5,Digital 6,00
6.998163000,Async 5,Digital 6,05
6.998391000,Async 5,Digital 5,01
6.998478000,Async 5,Digital 5,1A
6.998564000,Async 5,Digital 5,0C
6.998651000,Async 5,Digital 5,01
6.998738000,Async 5,Digital 5,02
6.998897000,Async 5,Digital 5,01
6.998984000,Async 5,Digital 5,19
6.999071000,Async 5,Digital 5,04
6.999158000,Async 5,Digital 5,0A
6.999245000,Async 5,Digital 5,00
6.999331000,Async 5,Digital 5,14
6.999418000,Async 5,Digital 5,03
6.999505000,Async 5,Digital 5,BE
6.999592000,Async 5,Digital 5,99
6.999679000,Async 5,Digital 5,76
6.999765000,Async 5,Digital 5,00
6.999852000,Async 5,Digital 5,00
6.999939000,Async 5,Digital 5,00
7.000026000,Async 5,Digital 5,00
7.000288000,Async 5,Digital 6,04
7.000374000,Async 5,Digital 6,0E
7.000461000,Async 5,Digital 6,04
7.000548000,Async 5,Digital 6,01
7.000635000,Async 5,Digital 6,1A
7.000721000,Async 5,Digital 6,0C
7.000808000,Async 5,Digital 6,00
7.001216000,Async 5,Digital 6,04
7.001302000,Async 5,Digital 6,0F
7.001389000,Async 5,Digital 6,04
7.001476000,Async 5,Digital 6,00
7.001562000,Async 5,Digital 6,01
7.001649000,Async 5,Digital 6,19
7.001736000,Async 5,Digital 6,04
7.044372000,Async 5,Digital 6,02
7.044458000,Async 5,Digital 6,48
7.044545000,Async 5,Digital 6,20
7.044632000,Async 5,Digital 6,07
7.044718000,Async 5,Digital 6,00
7.044805000,Async 5,Digital 6,03
7.044892000,Async 5,Digital 6,00
7.044979000,Async 5,Digital 6,04
7.045065000,Async 5,Digital 6,00
7.045152000,Async 5,Digital 6,02
7.045239000,Async 5,Digital 6,9E
7.045325000,Async 5,Digital 6,00
7.045854000,Async 5,Digital 5,02
7.045941000,Async 5,Digital 5,48
7.046028000,Async 5,Digital 5,00
7.046115000,Async 5,Digital 5,07
7.046202000,Async 5,Digital 5,00
7.046288000,Async 5,Digital 5,03
7.046375000,Async 5,Digital 5,00
7.046462000,Async 5,Digital 5,04
7.046549000,Async 5,Digital 5,00
7.046636000,Async 5,Digital 5,03
7.046722000,Async 5,Digital 5,40
7.046809000,Async 5,Digital 5,00
7.104419000,Async 5,Digital 6,02
7.104506000,Async 5,Digital 6,48
7.104592000,Async 5,Digital 6,20
7.104679000,Async 5,Digital 6,0B
7.104766000,Async 5,Digital 6,00
7.104853000,Async 5,Digital 6,07
7.104939000,Async 5,Digital 6,00
7.105026000,Async 5,Digital 6,04
7.105113000,Async 5,Digital 6,00
7.105199000,Async 5,Digital 6,10
7.105286000,Async 5,Digital 6,01
7.105373000,Async 5,Digital 6,00
7.105460000,Async 5,Digital 6,FF
7.105546000,Async 5,Digital 6,FF
7.105633000,Async 5,Digital 6,00
7.105720000,Async 5,Digital 6,28
7.106392000,Async 5,Digital 5,02
7.106478000,Async 5,Digital 5,48
7.106565000,Async 5,Digital 5,00
7.106652000,Async 5,Digital 5,1E
7.106739000,Async 5,Digital 5,00
7.106826000,Async 5,Digital 5,1A
7.106913000,Async 5,Digital 5,00
7.107000000,Async 5,Digital 5,04
7.107087000,Async 5,Digital 5,00
7.107173000,Async 5,Digital 5,11
7.107260000,Async 5,Digital 5,06
7.107347000,Async 5,Digital 5,01
7.107434000,Async 5,Digital 5,00
7.107521000,Async 5,Digital 5,05
7.107608000,Async 5,Digital 5,00
7.107695000,Async 5,Digital 5,00
7.107782000,Async 5,Digital 5,18
7.107868000,Async 5,Digital 5,06
7.107955000,Async 5,Digital 5,00
7.108042000,Async 5,Digital 5,08
7.108129000,Async 5,Digital 5,00
7.108216000,Async 5,Digital 5,01
7.108303000,Async 5,Digital 5,18
7.108390000,Async 5,Digital 5,09
7.108477000,Async 5,Digital 5,00
7.108563000,Async 5,Digital 5,0F
7.108650000,Async 5,Digital 5,00
7.108737000,Async 5,Digital 5,F0
7.108824000,Async 5,Digital 5,FF
7.108911000,Async 5,Digital 5,10
7.108998000,Async 5,Digital 5,00
7.109085000,Async 5,Digital 5,20
7.109172000,Async 5,Digital 5,00
7.109258000,Async 5,Digital 5,0A
7.109345000,Async 5,Digital 5,18
7.109388000,Async 5,Digital 6,04
7.109509000,Async 5,Digital 6,13
7.109596000,Async 5,Digital 6,05
7.109682000,Async 5,Digital 6,01
7.109769000,Async 5,Digital 6,48
7.109856000,Async 5,Digital 6,00
7.109942000,Async 5,Digital 6,01
7.110029000,Async 5,Digital 6,00
7.164432000,Async 5,Digital 6,02
7.164518000,Async 5,Digital 6,48
7.164605000,Async 5,Digital 6,20
7.164692000,Async 5,Digital 6,0B
7.164779000,Async 5,Digital 6,00
7.164865000,Async 5,Digital 6,07
7.164952000,Async 5,Digital 6,00
7.165039000,Async 5,Digital 6,04
7.165125000,Async 5,Digital 6,00
7.165212000,Async 5,Digital 6,10
7.165299000,Async 5,Digital 6,21
7.165386000,Async 5,Digital 6,00
7.165472000,Async 5,Digital 6,FF
7.165559000,Async 5,Digital 6,FF
7.165646000,Async 5,Digital 6,00
7.165732000,Async 5,Digital 6,28
7.166329000,Async 5,Digital 5,02
7.166416000,Async 5,Digital 5,48
7.166503000,Async 5,Digital 5,00
7.166590000,Async 5,Digital 5,1A
7.166676000,Async 5,Digital 5,00
7.166763000,Async 5,Digital 5,16
7.166850000,Async 5,Digital 5,00
7.166937000,Async 5,Digital 5,04
7.167024000,Async 5,Digital 5,00
7.167111000,Async 5,Digital 5,11
7.167198000,Async 5,Digital 5,14
7.167284000,Async 5,Digital 5,21
7.167371000,Async 5,Digital 5,00
7.167458000,Async 5,Digital 5,2D
7.167545000,Async 5,Digital 5,00
7.167632000,Async 5,Digital 5,55
7.167719000,Async 5,Digital 5,E4
7.167805000,Async 5,Digital 5,05
7.167892000,Async 5,Digital 5,D2
7.167979000,Async 5,Digital 5,AF
7.168066000,Async 5,Digital 5,9F
7.168153000,Async 5,Digital 5,A9
7.168240000,Async 5,Digital 5,8F
7.168327000,Async 5,Digital 5,E5
7.168413000,Async 5,Digital 5,4A
7.168500000,Async 5,Digital 5,7D
7.168587000,Async 5,Digital 5,FE
7.168674000,Async 5,Digital 5,43
7.168761000,Async 5,Digital 5,53
7.168848000,Async 5,Digital 5,53
7.168935000,Async 5,Digital 5,49
7.168967000,Async 5,Digital 6,04
7.169088000,Async 5,Digital 6,13
7.169175000,Async 5,Digital 6,05
7.169261000,Async 5,Digital 6,01
7.169348000,Async 5,Digital 6,48
7.169435000,Async 5,Digital 6,00
7.169522000,Async 5,Digital 6,01
7.169608000,Async 5,Digital 6,00
7.224453000,Async 5,Digital 6,02
7.224540000,Async 5,Digital 6,48
7.224626000,Async 5,Digital 6,20
7.224713000,Async 5,Digital 6,0B
7.224800000,Async 5,Digital 6,00
7.224887000,Async 5,Digital 6,07
7.224973000,Async 5,Digital 6,00
7.225060000,Async 5,Digital 6,04
7.225147000,Async 5,Digital 6,00
7.225233000,Async 5,Digital 6,10
7.225320000,Async 5,Digital 6,2E
7.225407000,Async 5,Digital 6,00
7.225494000,Async 5,Digital 6,FF
7.225580000,Async 5,Digital 6,FF
7.225667000,Async 5,Digital 6,00
7.225754000,Async 5,Digital 6,28
7.226265000,Async 5,Digital 5,02
7.226352000,Async 5,Digital 5,48
7.226439000,Async 5,Digital 5,00
7.226526000,Async 5,Digital 5,09
7.226613000,Async 5,Digital 5,00
7.226700000,Async 5,Digital 5,05
7.226787000,Async 5,Digital 5,00
7.226874000,Async 5,Digital 5,04
7.226960000,Async 5,Digital 5,00
7.227047000,Async 5,Digital 5,01
7.227134000,Async 5,Digital 5,10
7.227221000,Async 5,Digital 5,2E
7.227308000,Async 5,Digital 5,00
7.227395000,Async 5,Digital 5,0A
7.227427000,Async 5,Digital 6,04
7.227583000,Async 5,Digital 6,13
7.227670000,Async 5,Digital 6,05
7.227757000,Async 5,Digital 6,01
7.227843000,Async 5,Digital 6,48
7.227930000,Async 5,Digital 6,00
7.228017000,Async 5,Digital 6,01
7.228104000,Async 5,Digital 6,00
7.284466000,Async 5,Digital 6,02
7.284552000,Async 5,Digital 6,48
7.284639000,Async 5,Digital 6,20
7.284726000,Async 5,Digital 6,0B
7.284813000,Async 5,Digital 6,00
7.284899000,Async 5,Digital 6,07
7.284986000,Async 5,Digital 6,00
7.285073000,Async 5,Digital 6,04
7.285159000,Async 5,Digital 6,00
7.285246000,Async 5,Digital 6,08
7.285333000,Async 5,Digital 6,06
7.285420000,Async 5,Digital 6,00
7.285506000,Async 5,Digital 6,08
7.285593000,Async 5,Digital 6,00
7.285680000,Async 5,Digital 6,03
7.285766000,Async 5,Digital 6,28
7.286007000,Async 5,Digital 5,02
7.286094000,Async 5,Digital 5,48
7.286180000,Async 5,Digital 5,00
7.286267000,Async 5,Digital 5,0D
7.286354000,Async 5,Digital 5,00
7.286441000,Async 5,Digital 5,09
7.286528000,Async 5,Digital 5,00
7.286614000,Async 5,Digital 5,04
7.286701000,Async 5,Digital 5,00
7.286788000,Async 5,Digital 5,09
7.286875000,Async 5,Digital 5,07
7.286962000,Async 5,Digital 5,07
7.287049000,Async 5,Digital 5,00
7.287136000,Async 5,Digital 5,02
7.287222000,Async 5,Digital 5,08
7.287309000,Async 5,Digital 5,00
7.287396000,Async 5,Digital 5,05
7.287483000,Async 5,Digital 5,2A
7.287509000,Async 5,Digital 6,04
7.287631000,Async 5,Digital 6,13
7.287717000,Async 5,Digital 6,05
7.287804000,Async 5,Digital 6,01
7.287891000,Async 5,Digital 6,48
7.287978000,Async 5,Digital 6,00
7.288064000,Async 5,Digital 6,01
7.288151000,Async 5,Digital 6,00
7.344478000,Async 5,Digital 6,02
7.344565000,Async 5,Digital 6,48
7.344652000,Async 5,Digital 6,20
7.344739000,Async 5,Digital 6,0B
7.344825000,Async 5,Digital 6,00
7.344912000,Async 5,Digital 6,07
7.344999000,Async 5,Digital 6,00
7.345085000,Async 5,Digital 6,04
7.345172000,Async 5,Digital 6,00
7.345259000,Async 5,Digital 6,08
7.345346000,Async 5,Digital 6,08
7.345432000,Async 5,Digital 6,00
7.345519000,Async 5,Digital 6,08
7.345606000,Async 5,Digital 6,00
7.345692000,Async 5,Digital 6,03
7.345779000,Async 5,Digital 6,28
7.345994000,Async 5,Digital 5,02
7.346081000,Async 5,Digital 5,48
7.346167000,Async 5,Digital 5,00
7.346254000,Async 5,Digital 5,09
7.346341000,Async 5,Digital 5,00
7.346428000,Async 5,Digital 5,05
7.346515000,Async 5,Digital 5,00
7.346602000,Async 5,Digital 5,04
7.346688000,Async 5,Digital 5,00
7.346775000,Async 5,Digital 5,01
7.346862000,Async 5,Digital 5,08
7.346949000,Async 5,Digital 5,08
7.347036000,Async 5,Digital 5,00
7.347122000,Async 5,Digital 5,0A
7.347149000,Async 5,Digital 6,04
7.347271000,Async 5,Digital 6,13
7.347357000,Async 5,Digital 6,05
7.347444000,Async 5,Digital 6,01
7.347531000,Async 5,Digital 6,48
7.347617000,Async 5,Digital 6,00
7.347704000,Async 5,Digital 6,01
7.347791000,Async 5,Digital 6,00
7.404500000,Async 5,Digital 6,02
7.404587000,Async 5,Digital 6,48
7.404673000,Async 5,Digital 6,20
7.404760000,Async 5,Digital 6,0B
7.404847000,Async 5,Digital 6,00
7.404933000,Async 5,Digital 6,07
7.405020000,Async 5,Digital 6,00
7.405107000,Async 5,Digital 6,04
7.405194000,Async 5,Digital 6,00
7.405280000,Async 5,Digital 6,08
7.405367000,Async 5,Digital 6,09
7.405454000,Async 5,Digital 6,00
7.405540000,Async 5,Digital 6,0F
7.405627000,Async 5,Digital 6,00
7.405714000,Async 5,Digital 6,03
7.405801000,Async 5,Digital 6,28
7.406068000,Async 5,Digital 5,02
7.406154000,Async 5,Digital 5,48
7.406241000,Async 5,Digital 5,00
7.406328000,Async 5,Digital 5,14
7.406415000,Async 5,Digital 5,00
7.406501000,Async 5,Digital 5,10
7.406588000,Async 5,Digital 5,00
7.406675000,Async 5,Digital 5,04
7.406762000,Async 5,Digital 5,00
7.406849000,Async 5,Digital 5,09
7.406935000,Async 5,Digital 5,07
7.407022000,Async 5,Digital 5,0A
7.407109000,Async 5,Digital 5,00
7.407196000,Async 5,Digital 5,0A
7.407283000,Async 5,Digital 5,0B
7.407370000,Async 5,Digital 5,00
7.407457000,Async 5,Digital 5,F1
7.407543000,Async 5,Digital 5,FF
7.407630000,Async 5,Digital 5,0C
7.407717000,Async 5,Digital 5,00
7.407804000,Async 5,Digital 5,0A
7.407891000,Async 5,Digital 5,0D
7.407978000,Async 5,Digital 5,00
7.408064000,Async 5,Digital 5,F2
7.408151000,Async 5,Digital 5,FF
7.408176000,Async 5,Digital 6,04
7.408298000,Async 5,Digital 6,13
7.408385000,Async 5,Digital 6,05
7.408471000,Async 5,Digital 6,01
7.408558000,Async 5,Digital 6,48
7.408645000,Async 5,Digital 6,00
7.408731000,Async 5,Digital 6,01
7.408818000,Async 5,Digital 6,00
7.464513000,Async 5,Digital 6,02
7.464599000,Async 5,Digital 6,48
7.464686000,Async 5,Digital 6,20
7.464773000,Async 5,Digital 6,0B
7.464859000,Async 5,Digital 6,00
7.464946000,Async 5,Digital 6,07
7.465033000,Async 5,Digital 6,00
7.465120000,Async 5,Digital 6,04
7.465206000,Async 5,Digital 6,00
7.465293000,Async 5,Digital 6,08
7.465380000,Async 5,Digital 6,0D
7.465466000,Async 5,Digital 6,00
7.465553000,Async 5,Digital 6,0F
7.465640000,Async 5,Digital 6,00
7.465727000,Async 5,Digital 6,03
7.465813000,Async 5,Digital 6,28
7.466075000,Async 5,Digital 5,02
7.466161000,Async 5,Digital 5,48
7.466248000,Async 5,Digital 5,00
7.466335000,Async 5,Digital 5,1B
7.466422000,Async 5,Digital 5,00
7.466508000,Async 5,Digital 5,17
7.466595000,Async 5,Digital 5,00
7.466682000,Async 5,Digital 5,04
7.466769000,Async 5,Digital 5,00
7.466855000,Async 5,Digital 5,09
7.466942000,Async 5,Digital 5,15
7.467029000,Async 5,Digital 5,0E
7.467116000,Async 5,Digital 5,00
7.467203000,Async 5,Digital 5,0A
7.467289000,Async 5,Digital 5,0F
7.467376000,Async 5,Digital 5,00
7.467463000,Async 5,Digital 5,FB
7.467550000,Async 5,Digital 5,34
7.467637000,Async 5,Digital 5,9B
7.467723000,Async 5,Digital 5,5F
7.467810000,Async 5,Digital 5,80
7.467897000,Async 5,Digital 5,00
7.467984000,Async 5,Digital 5,00
7.468070000,Async 5,Digital 5,80
7.468157000,Async 5,Digital 5,00
7.468244000,Async 5,Digital 5,10
7.468331000,Async 5,Digital 5,00
7.468418000,Async 5,Digital 5,00
7.468504000,Async 5,Digital 5,34
7.468591000,Async 5,Digital 5,12
7.468678000,Async 5,Digital 5,00
7.468765000,Async 5,Digital 5,00
7.468796000,Async 5,Digital 6,04
7.468926000,Async 5,Digital 6,13
7.469013000,Async 5,Digital 6,05
7.469100000,Async 5,Digital 6,01
7.469186000,Async 5,Digital 6,48
7.469273000,Async 5,Digital 6,00
7.469360000,Async 5,Digital 6,01
7.469446000,Async 5,Digital 6,00
7.524525000,Async 5,Digital 6,02
7.524612000,Async 5,Digital 6,48
7.524699000,Async 5,Digital 6,20
7.524785000,Async 5,Digital 6,0B
7.524872000,Async 5,Digital 6,00
7.524959000,Async 5,Digital 6,07
7.525046000,Async 5,Digital 6,00
7.525132000,Async 5,Digital 6,04
7.525219000,Async 5,Digital 6,00
7.525306000,Async 5,Digital 6,08
7.525392000,Async 5,Digital 6,0F
7.525479000,Async 5,Digital 6,00
7.525566000,Async 5,Digital 6,0F
7.525653000,Async 5,Digital 6,00
7.525739000,Async 5,Digital 6,03
7.525826000,Async 5,Digital 6,28
7.526077000,Async 5,Digital 5,02
7.526164000,Async 5,Digital 5,48
7.526250000,Async 5,Digital 5,00
7.526337000,Async 5,Digital 5,09
7.526424000,Async 5,Digital 5,00
7.526511000,Async 5,Digital 5,05
7.526597000,Async 5,Digital 5,00
7.526684000,Async 5,Digital 5,04
7.526771000,Async 5,Digital 5,00
7.526858000,Async 5,Digital 5,01
7.526945000,Async 5,Digital 5,08
7.527031000,Async 5,Digital 5,0F
7.527118000,Async 5,Digital 5,00
7.527205000,Async 5,Digital 5,0A
7.527231000,Async 5,Digital 6,04
7.527352000,Async 5,Digital 6,13
7.527439000,Async 5,Digital 6,05
7.527525000,Async 5,Digital 6,01
7.527612000,Async 5,Digital 6,48
7.527699000,Async 5,Digital 6,00
7.527786000,Async 5,Digital 6,01
7.527872000,Async 5,Digital 6,00
7.584547000,Async 5,Digital 6,02
7.584633000,Async 5,Digital 6,48
7.584720000,Async 5,Digital 6,20
7.584807000,Async 5,Digital 6,0B
7.584894000,Async 5,Digital 6,00
7.584980000,Async 5,Digital 6,07
7.585067000,Async 5,Digital 6,00
7.585154000,Async 5,Digital 6,04
7.585240000,Async 5,Digital 6,00
7.585327000,Async 5,Digital 6,08
7.585414000,Async 5,Digital 6,10
7.585500000,Async 5,Digital 6,00
7.585587000,Async 5,Digital 6,20
7.585674000,Async 5,Digital 6,00
7.585761000,Async 5,Digital 6,03
7.585847000,Async 5,Digital 6,28
7.586410000,Async 5,Digital 5,02
7.586497000,Async 5,Digital 5,48
7.586583000,Async 5,Digital 5,00
7.586670000,Async 5,Digital 5,3E
7.586757000,Async 5,Digital 5,00
7.586844000,Async 5,Digital 5,3A
7.586930000,Async 5,Digital 5,00
7.587017000,Async 5,Digital 5,04
7.587104000,Async 5,Digital 5,00
7.587191000,Async 5,Digital 5,09
7.587277000,Async 5,Digital 5,07
7.587364000,Async 5,Digital 5,11
7.587451000,Async 5,Digital 5,00
7.587538000,Async 5,Digital 5,02
7.587625000,Async 5,Digital 5,12
7.587711000,Async 5,Digital 5,00
7.587798000,Async 5,Digital 5,29
7.587885000,Async 5,Digital 5,2A
7.587972000,Async 5,Digital 5,13
7.588059000,Async 5,Digital 5,00
7.588145000,Async 5,Digital 5,02
7.588232000,Async 5,Digital 5,14
7.588319000,Async 5,Digital 5,00
7.588406000,Async 5,Digital 5,24
7.588492000,Async 5,Digital 5,2A
7.588579000,Async 5,Digital 5,15
7.588666000,Async 5,Digital 5,00
7.588753000,Async 5,Digital 5,02
7.588840000,Async 5,Digital 5,16
7.588926000,Async 5,Digital 5,00
7.589013000,Async 5,Digital 5,25
7.589100000,Async 5,Digital 5,2A
7.589187000,Async 5,Digital 5,17
7.589274000,Async 5,Digital 5,00
7.589360000,Async 5,Digital 5,02
7.589447000,Async 5,Digital 5,18
7.589534000,Async 5,Digital 5,00
7.589621000,Async 5,Digital 5,27
7.589708000,Async 5,Digital 5,2A
7.589794000,Async 5,Digital 5,19
7.589881000,Async 5,Digital 5,00
7.589968000,Async 5,Digital 5,02
7.590055000,Async 5,Digital 5,1A
7.590142000,Async 5,Digital 5,00
7.590228000,Async 5,Digital 5,26
7.590315000,Async 5,Digital 5,2A
7.590402000,Async 5,Digital 5,1B
7.590489000,Async 5,Digital 5,00
7.590576000,Async 5,Digital 5,02
7.590662000,Async 5,Digital 5,1C
7.590749000,Async 5,Digital 5,00
7.590836000,Async 5,Digital 5,28
7.590923000,Async 5,Digital 5,2A
7.591010000,Async 5,Digital 5,1D
7.591096000,Async 5,Digital 5,00
7.591183000,Async 5,Digital 5,02
7.591270000,Async 5,Digital 5,1E
7.591357000,Async 5,Digital 5,00
7.591444000,Async 5,Digital 5,23
7.591531000,Async 5,Digital 5,2A
7.591617000,Async 5,Digital 5,1F
7.591704000,Async 5,Digital 5,00
7.591791000,Async 5,Digital 5,02
7.591878000,Async 5,Digital 5,20
7.591965000,Async 5,Digital 5,00
7.592052000,Async 5,Digital 5,2A
7.592139000,Async 5,Digital 5,2A
7.592169000,Async 5,Digital 6,04
7.592290000,Async 5,Digital 6,13
7.592377000,Async 5,Digital 6,05
7.592463000,Async 5,Digital 6,01
7.592550000,Async 5,Digital 6,48
7.592637000,Async 5,Digital 6,00
7.592724000,Async 5,Digital 6,01
7.592810000,Async 5,Digital 6,00
7.674561000,Async 5,Digital 6,02
7.674648000,Async 5,Digital 6,48
7.674735000,Async 5,Digital 6,20
7.674822000,Async 5,Digital 6,0B
7.674908000,Async 5,Digital 6,00
7.674995000,Async 5,Digital 6,07
7.675082000,Async 5,Digital 6,00
7.675168000,Async 5,Digital 6,04
7.675255000,Async 5,Digital 6,00
7.675342000,Async 5,Digital 6,08
7.675428000,Async 5,Digital 6,20
7.675515000,Async 5,Digital 6,00
7.675602000,Async 5,Digital 6,20
7.675689000,Async 5,Digital 6,00
7.675775000,Async 5,Digital 6,03
7.675862000,Async 5,Digital 6,28
7.676356000,Async 5,Digital 5,02
7.676443000,Async 5,Digital 5,48
7.676530000,Async 5,Digital 5,00
7.676617000,Async 5,Digital 5,09
7.676704000,Async 5,Digital 5,00
7.676791000,Async 5,Digital 5,05
7.676878000,Async 5,Digital 5,00
7.676964000,Async 5,Digital 5,04
7.677051000,Async 5,Digital 5,00
7.677138000,Async 5,Digital 5,01
7.677225000,Async 5,Digital 5,08
7.677312000,Async 5,Digital 5,20
7.677399000,Async 5,Digital 5,00
7.677485000,Async 5,Digital 5,0A
7.677510000,Async 5,Digital 6,04
7.677657000,Async 5,Digital 6,13
7.677744000,Async 5,Digital 6,05
7.677830000,Async 5,Digital 6,01
7.677917000,Async 5,Digital 6,48
7.678004000,Async 5,Digital 6,00
7.678091000,Async 5,Digital 6,01
7.678177000,Async 5,Digital 6,00
7.734583000,Async 5,Digital 6,02
7.734669000,Async 5,Digital 6,48
7.734756000,Async 5,Digital 6,20
7.734843000,Async 5,Digital 6,0B
7.734930000,Async 5,Digital 6,00
7.735016000,Async 5,Digital 6,07
7.735103000,Async 5,Digital 6,00
7.735190000,Async 5,Digital 6,04
7.735276000,Async 5,Digital 6,00
7.735363000,Async 5,Digital 6,08
7.735450000,Async 5,Digital 6,21
7.735537000,Async 5,Digital 6,00
7.735623000,Async 5,Digital 6,2D
7.735710000,Async 5,Digital 6,00
7.735797000,Async 5,Digital 6,03
7.735883000,Async 5,Digital 6,28
7.736430000,Async 5,Digital 5,02
7.736517000,Async 5,Digital 5,48
7.736603000,Async 5,Digital 5,00
7.736690000,Async 5,Digital 5,30
7.736777000,Async 5,Digital 5,00
7.736864000,Async 5,Digital 5,2C
7.736951000,Async 5,Digital 5,00
7.737038000,Async 5,Digital 5,04
7.737125000,Async 5,Digital 5,00
7.737211000,Async 5,Digital 5,09
7.737298000,Async 5,Digital 5,15
7.737385000,Async 5,Digital 5,22
7.737472000,Async 5,Digital 5,00
7.737559000,Async 5,Digital 5,0A
7.737646000,Async 5,Digital 5,23
7.737732000,Async 5,Digital 5,00
7.737819000,Async 5,Digital 5,FE
7.737906000,Async 5,Digital 5,69
7.737993000,Async 5,Digital 5,CA
7.738080000,Async 5,Digital 5,9A
7.738167000,Async 5,Digital 5,56
7.738253000,Async 5,Digital 5,19
7.738340000,Async 5,Digital 5,F6
7.738427000,Async 5,Digital 5,AB
7.738514000,Async 5,Digital 5,02
7.738601000,Async 5,Digital 5,4D
7.738688000,Async 5,Digital 5,AA
7.738774000,Async 5,Digital 5,6D
7.738861000,Async 5,Digital 5,43
7.738948000,Async 5,Digital 5,53
7.739035000,Async 5,Digital 5,53
7.739122000,Async 5,Digital 5,49
7.739209000,Async 5,Digital 5,24
7.739296000,Async 5,Digital 5,00
7.739382000,Async 5,Digital 5,0A
7.739469000,Async 5,Digital 5,25
7.739556000,Async 5,Digital 5,00
7.739643000,Async 5,Digital 5,18
7.739730000,Async 5,Digital 5,03
7.739817000,Async 5,Digital 5,A6
7.739903000,Async 5,Digital 5,28
7.739990000,Async 5,Digital 5,5E
7.740077000,Async 5,Digital 5,D8
7.740164000,Async 5,Digital 5,EC
7.740251000,Async 5,Digital 5,91
7.740338000,Async 5,Digital 5,1C
7.740424000,Async 5,Digital 5,48
7.740511000,Async 5,Digital 5,A3
7.740598000,Async 5,Digital 5,AC
7.740685000,Async 5,Digital 5,43
7.740772000,Async 5,Digital 5,53
7.740859000,Async 5,Digital 5,53
7.740945000,Async 5,Digital 5,49
7.740973000,Async 5,Digital 6,04
7.741095000,Async 5,Digital 6,13
7.741181000,Async 5,Digital 6,05
7.741268000,Async 5,Digital 6,01
7.741355000,Async 5,Digital 6,48
7.741442000,Async 5,Digital 6,00
7.741528000,Async 5,Digital 6,01
7.741615000,Async 5,Digital 6,00
7.794595000,Async 5,Digital 6,02
7.794682000,Async 5,Digital 6,48
7.794769000,Async 5,Digital 6,20
7.794856000,Async 5,Digital 6,0B
7.794942000,Async 5,Digital 6,00
7.795029000,Async 5,Digital 6,07
7.795116000,Async 5,Digital 6,00
7.795202000,Async 5,Digital 6,04
7.795289000,Async 5,Digital 6,00
7.795376000,Async 5,Digital 6,08
7.795463000,Async 5,Digital 6,25
7.795549000,Async 5,Digital 6,00
7.795636000,Async 5,Digital 6,2D
7.795723000,Async 5,Digital 6,00
7.795809000,Async 5,Digital 6,03
7.795896000,Async 5,Digital 6,28
7.796465000,Async 5,Digital 5,02
7.796551000,Async 5,Digital 5,48
7.796638000,Async 5,Digital 5,00
7.796725000,Async 5,Digital 5,30
7.796812000,Async 5,Digital 5,00
7.796899000,Async 5,Digital 5,2C
7.796986000,Async 5,Digital 5,00
7.797073000,Async 5,Digital 5,04
7.797159000,Async 5,Digital 5,00
7.797246000,Async 5,Digital 5,09
7.797333000,Async 5,Digital 5,15
7.797420000,Async 5,Digital 5,26
7.797507000,Async 5,Digital 5,00
7.797594000,Async 5,Digital 5,10
7.797681000,Async 5,Digital 5,27
7.797768000,Async 5,Digital 5,00
7.797855000,Async 5,Digital 5,16
7.797942000,Async 5,Digital 5,96
7.798028000,Async 5,Digital 5,24
7.798115000,Async 5,Digital 5,47
7.798202000,Async 5,Digital 5,C6
7.798289000,Async 5,Digital 5,23
7.798376000,Async 5,Digital 5,61
7.798463000,Async 5,Digital 5,BA
7.798549000,Async 5,Digital 5,D9
7.798636000,Async 5,Digital 5,4B
7.798723000,Async 5,Digital 5,4D
7.798810000,Async 5,Digital 5,1E
7.798897000,Async 5,Digital 5,43
7.798984000,Async 5,Digital 5,53
7.799070000,Async 5,Digital 5,53
7.799157000,Async 5,Digital 5,49
7.799244000,Async 5,Digital 5,29
7.799331000,Async 5,Digital 5,00
7.799418000,Async 5,Digital 5,0C
7.799505000,Async 5,Digital 5,2A
7.799592000,Async 5,Digital 5,00
7.799678000,Async 5,Digital 5,B3
7.799765000,Async 5,Digital 5,9B
7.799852000,Async 5,Digital 5,72
7.799939000,Async 5,Digital 5,34
7.800026000,Async 5,Digital 5,BE
7.800113000,Async 5,Digital 5,EC
7.800199000,Async 5,Digital 5,D4
7.800286000,Async 5,Digital 5,A8
7.800373000,Async 5,Digital 5,F4
7.800460000,Async 5,Digital 5,43
7.800547000,Async 5,Digital 5,41
7.800634000,Async 5,Digital 5,88
7.800721000,Async 5,Digital 5,43
7.800807000,Async 5,Digital 5,53
7.800894000,Async 5,Digital 5,53
7.800981000,Async 5,Digital 5,49
7.801012000,Async 5,Digital 6,04
7.801133000,Async 5,Digital 6,13
7.801220000,Async 5,Digital 6,05
7.801307000,Async 5,Digital 6,01
7.801394000,Async 5,Digital 6,48
7.801480000,Async 5,Digital 6,00
7.801567000,Async 5,Digital 6,01
7.801654000,Async 5,Digital 6,00
7.854608000,Async 5,Digital 6,02
7.854695000,Async 5,Digital 6,48
7.854782000,Async 5,Digital 6,20
7.854868000,Async 5,Digital 6,0B
7.854955000,Async 5,Digital 6,00
7.855042000,Async 5,Digital 6,07
7.855128000,Async 5,Digital 6,00
7.855215000,Async 5,Digital 6,04
7.855302000,Async 5,Digital 6,00
7.855389000,Async 5,Digital 6,08
7.855475000,Async 5,Digital 6,2A
7.855562000,Async 5,Digital 6,00
7.855649000,Async 5,Digital 6,2D
7.855735000,Async 5,Digital 6,00
7.855822000,Async 5,Digital 6,03
7.855909000,Async 5,Digital 6,28
7.856454000,Async 5,Digital 5,02
7.856540000,Async 5,Digital 5,48
7.856627000,Async 5,Digital 5,00
7.856714000,Async 5,Digital 5,1B
7.856801000,Async 5,Digital 5,00
7.856888000,Async 5,Digital 5,17
7.856975000,Async 5,Digital 5,00
7.857061000,Async 5,Digital 5,04
7.857148000,Async 5,Digital 5,00
7.857235000,Async 5,Digital 5,09
7.857322000,Async 5,Digital 5,15
7.857409000,Async 5,Digital 5,2B
7.857495000,Async 5,Digital 5,00
7.857582000,Async 5,Digital 5,1A
7.857669000,Async 5,Digital 5,2C
7.857756000,Async 5,Digital 5,00
7.857843000,Async 5,Digital 5,18
7.857930000,Async 5,Digital 5,03
7.858016000,Async 5,Digital 5,A6
7.858103000,Async 5,Digital 5,28
7.858190000,Async 5,Digital 5,5E
7.858277000,Async 5,Digital 5,D8
7.858364000,Async 5,Digital 5,EC
7.858450000,Async 5,Digital 5,91
7.858537000,Async 5,Digital 5,1C
7.858624000,Async 5,Digital 5,48
7.858711000,Async 5,Digital 5,A3
7.858798000,Async 5,Digital 5,AC
7.858884000,Async 5,Digital 5,43
7.858971000,Async 5,Digital 5,53
7.859058000,Async 5,Digital 5,53
7.859145000,Async 5,Digital 5,49
7.859169000,Async 5,Digital 6,04
7.859291000,Async 5,Digital 6,13
7.859377000,Async 5,Digital 6,05
7.859464000,Async 5,Digital 6,01
7.859551000,Async 5,Digital 6,48
7.859637000,Async 5,Digital 6,00
7.859724000,Async 5,Digital 6,01
7.859811000,Async 5,Digital 6,00
7.914630000,Async 5,Digital 6,02
7.914716000,Async 5,Digital 6,48
7.914803000,Async 5,Digital 6,20
7.914890000,Async 5,Digital 6,0B
7.914976000,Async 5,Digital 6,00
7.915063000,Async 5,Digital 6,07
7.915150000,Async 5,Digital 6,00
7.915237000,Async 5,Digital 6,04
7.915323000,Async 5,Digital 6,00
7.915410000,Async 5,Digital 6,08
7.915497000,Async 5,Digital 6,2C
7.915583000,Async 5,Digital 6,00
7.915670000,Async 5,Digital 6,2D
7.915757000,Async 5,Digital 6,00
7.915844000,Async 5,Digital 6,03
7.915930000,Async 5,Digital 6,28
7.916445000,Async 5,Digital 5,02
7.916532000,Async 5,Digital 5,48
7.916619000,Async 5,Digital 5,00
7.916706000,Async 5,Digital 5,09
7.916793000,Async 5,Digital 5,00
7.916879000,Async 5,Digital 5,05
7.916966000,Async 5,Digital 5,00
7.917053000,Async 5,Digital 5,04
7.917140000,Async 5,Digital 5,00
7.917227000,Async 5,Digital 5,01
7.917313000,Async 5,Digital 5,08
7.917400000,Async 5,Digital 5,2C
7.917487000,Async 5,Digital 5,00
7.917574000,Async 5,Digital 5,0A
7.917604000,Async 5,Digital 6,04
7.917743000,Async 5,Digital 6,13
7.917829000,Async 5,Digital 6,05
7.917916000,Async 5,Digital 6,01
7.918003000,Async 5,Digital 6,48
7.918089000,Async 5,Digital 6,00
7.918176000,Async 5,Digital 6,01
7.918263000,Async 5,Digital 6,00
7.974625000,Async 5,Digital 6,02
7.974712000,Async 5,Digital 6,48
7.974798000,Async 5,Digital 6,20
7.974885000,Async 5,Digital 6,09
7.974972000,Async 5,Digital 6,00
7.975058000,Async 5,Digital 6,05
7.975145000,Async 5,Digital 6,00
7.975232000,Async 5,Digital 6,04
7.975319000,Async 5,Digital 6,00
7.975405000,Async 5,Digital 6,04
7.975492000,Async 5,Digital 6,0C
7.975579000,Async 5,Digital 6,00
7.975665000,Async 5,Digital 6,0C
7.975752000,Async 5,Digital 6,00
7.975985000,Async 5,Digital 5,02
7.976072000,Async 5,Digital 5,48
7.976159000,Async 5,Digital 5,00
7.976246000,Async 5,Digital 5,0A
7.976333000,Async 5,Digital 5,00
7.976420000,Async 5,Digital 5,06
7.976507000,Async 5,Digital 5,00
7.976594000,Async 5,Digital 5,04
7.976680000,Async 5,Digital 5,00
7.976767000,Async 5,Digital 5,05
7.976854000,Async 5,Digital 5,01
7.976941000,Async 5,Digital 5,0C
7.977028000,Async 5,Digital 5,00
7.977115000,Async 5,Digital 5,03
7.977202000,Async 5,Digital 5,28
7.977226000,Async 5,Digital 6,04
7.977348000,Async 5,Digital 6,13
7.977434000,Async 5,Digital 6,05
7.977521000,Async 5,Digital 6,01
7.977608000,Async 5,Digital 6,48
7.977695000,Async 5,Digital 6,00
7.977781000,Async 5,Digital 6,01
7.977868000,Async 5,Digital 6,00
8.034646000,Async 5,Digital 6,02
8.034733000,Async 5,Digital 6,48
8.034820000,Async 5,Digital 6,20
8.034906000,Async 5,Digital 6,09
8.034993000,Async 5,Digital 6,00
8.035080000,Async 5,Digital 6,05
8.035167000,Async 5,Digital 6,00
8.035253000,Async 5,Digital 6,04
8.035340000,Async 5,Digital 6,00
8.035427000,Async 5,Digital 6,04
8.035513000,Async 5,Digital 6,0E
8.035600000,Async 5,Digital 6,00
8.035687000,Async 5,Digital 6,0E
8.035774000,Async 5,Digital 6,00
8.035993000,Async 5,Digital 5,02
8.036080000,Async 5,Digital 5,48
8.036166000,Async 5,Digital 5,00
8.036253000,Async 5,Digital 5,0A
8.036340000,Async 5,Digital 5,00
8.036427000,Async 5,Digital 5,06
8.036514000,Async 5,Digital 5,00
8.036601000,Async 5,Digital 5,04
8.036688000,Async 5,Digital 5,00
8.036774000,Async 5,Digital 5,05
8.036861000,Async 5,Digital 5,01
8.036948000,Async 5,Digital 5,0E
8.037035000,Async 5,Digital 5,00
8.037122000,Async 5,Digital 5,03
8.037209000,Async 5,Digital 5,28
8.037239000,Async 5,Digital 6,04
8.037352000,Async 5,Digital 6,13
8.037438000,Async 5,Digital 6,05
8.037525000,Async 5,Digital 6,01
8.037612000,Async 5,Digital 6,48
8.037699000,Async 5,Digital 6,00
8.037785000,Async 5,Digital 6,01
8.037872000,Async 5,Digital 6,00
8.094659000,Async 5,Digital 6,02
8.094746000,Async 5,Digital 6,48
8.094832000,Async 5,Digital 6,20
8.094919000,Async 5,Digital 6,09
8.095006000,Async 5,Digital 6,00
8.095093000,Async 5,Digital 6,05
8.095179000,Async 5,Digital 6,00
8.095266000,Async 5,Digital 6,04
8.095353000,Async 5,Digital 6,00
8.095439000,Async 5,Digital 6,04
8.095526000,Async 5,Digital 6,13
8.095613000,Async 5,Digital 6,00
8.095700000,Async 5,Digital 6,13
8.095786000,Async 5,Digital 6,00
8.096028000,Async 5,Digital 5,02
8.096115000,Async 5,Digital 5,48
8.096202000,Async 5,Digital 5,00
8.096289000,Async 5,Digital 5,0A
8.096376000,Async 5,Digital 5,00
8.096463000,Async 5,Digital 5,06
8.096549000,Async 5,Digital 5,00
8.096636000,Async 5,Digital 5,04
8.096723000,Async 5,Digital 5,00
8.096810000,Async 5,Digital 5,05
8.096897000,Async 5,Digital 5,01
8.096984000,Async 5,Digital 5,13
8.097071000,Async 5,Digital 5,00
8.097157000,Async 5,Digital 5,03
8.097244000,Async 5,Digital 5,28
8.097269000,Async 5,Digital 6,04
8.097390000,Async 5,Digital 6,13
8.097477000,Async 5,Digital 6,05
8.097564000,Async 5,Digital 6,01
8.097651000,Async 5,Digital 6,48
8.097737000,Async 5,Digital 6,00
8.097824000,Async 5,Digital 6,01
8.097911000,Async 5,Digital 6,00
8.154654000,Async 5,Digital 6,02
8.154741000,Async 5,Digital 6,48
8.154828000,Async 5,Digital 6,20
8.154915000,Async 5,Digital 6,07
8.155001000,Async 5,Digital 6,00
8.155088000,Async 5,Digital 6,03
8.155175000,Async 5,Digital 6,00
8.155261000,Async 5,Digital 6,04
8.155348000,Async 5,Digital 6,00
8.155435000,Async 5,Digital 6,0A
8.155522000,Async 5,Digital 6,12
8.155608000,Async 5,Digital 6,00
8.155863000,Async 5,Digital 5,02
8.155949000,Async 5,Digital 5,48
8.156036000,Async 5,Digital 5,00
8.156123000,Async 5,Digital 5,08
8.156210000,Async 5,Digital 5,00
8.156297000,Async 5,Digital 5,04
8.156383000,Async 5,Digital 5,00
8.156470000,Async 5,Digital 5,04
8.156557000,Async 5,Digital 5,00
8.156644000,Async 5,Digital 5,0B
8.156730000,Async 5,Digital 5,43
8.156817000,Async 5,Digital 5,53
8.156904000,Async 5,Digital 5,52
8.156935000,Async 5,Digital 6,04
8.157074000,Async 5,Digital 6,13
8.157160000,Async 5,Digital 6,05
8.157247000,Async 5,Digital 6,01
8.157334000,Async 5,Digital 6,48
8.157420000,Async 5,Digital 6,00
8.157507000,Async 5,Digital 6,01
8.157594000,Async 5,Digital 6,00
8.214693000,Async 5,Digital 6,02
8.214780000,Async 5,Digital 6,48
8.214867000,Async 5,Digital 6,20
8.214953000,Async 5,Digital 6,09
8.215040000,Async 5,Digital 6,00
8.215127000,Async 5,Digital 6,05
8.215213000,Async 5,Digital 6,00
8.215300000,Async 5,Digital 6,04
8.215387000,Async 5,Digital 6,00
8.215474000,Async 5,Digital 6,04
8.215560000,Async 5,Digital 6,15
8.215647000,Async 5,Digital 6,00
8.215734000,Async 5,Digital 6,15
8.215820000,Async 5,Digital 6,00
8.216071000,Async 5,Digital 5,02
8.216158000,Async 5,Digital 5,48
8.216245000,Async 5,Digital 5,00
8.216332000,Async 5,Digital 5,0A
8.216418000,Async 5,Digital 5,00
8.216505000,Async 5,Digital 5,06
8.216592000,Async 5,Digital 5,00
8.216679000,Async 5,Digital 5,04
8.216766000,Async 5,Digital 5,00
8.216853000,Async 5,Digital 5,05
8.216939000,Async 5,Digital 5,01
8.217026000,Async 5,Digital 5,15
8.217113000,Async 5,Digital 5,00
8.217200000,Async 5,Digital 5,03
8.217287000,Async 5,Digital 5,28
8.217312000,Async 5,Digital 6,04
8.217433000,Async 5,Digital 6,13
8.217520000,Async 5,Digital 6,05
8.217607000,Async 5,Digital 6,01
8.217693000,Async 5,Digital 6,48
8.217780000,Async 5,Digital 6,00
8.217867000,Async 5,Digital 6,01
8.217953000,Async 5,Digital 6,00
8.274688000,Async 5,Digital 6,02
8.274775000,Async 5,Digital 6,48
8.274862000,Async 5,Digital 6,20
8.274949000,Async 5,Digital 6,07
8.275035000,Async 5,Digital 6,00
8.275122000,Async 5,Digital 6,03
8.275209000,Async 5,Digital 6,00
8.275295000,Async 5,Digital 6,04
8.275382000,Async 5,Digital 6,00
8.275469000,Async 5,Digital 6,0A
8.275556000,Async 5,Digital 6,14
8.275642000,Async 5,Digital 6,00
8.275908000,Async 5,Digital 5,02
8.275995000,Async 5,Digital 5,48
8.276082000,Async 5,Digital 5,00
8.276169000,Async 5,Digital 5,09
8.276256000,Async 5,Digital 5,00
8.276342000,Async 5,Digital 5,05
8.276429000,Async 5,Digital 5,00
8.276516000,Async 5,Digital 5,04
8.276604000,Async 5,Digital 5,00
8.276691000,Async 5,Digital 5,0B
8.276778000,Async 5,Digital 5,38
8.276865000,Async 5,Digital 5,38
8.276951000,Async 5,Digital 5,31
8.277038000,Async 5,Digital 5,31
8.277064000,Async 5,Digital 6,04
8.277186000,Async 5,Digital 6,13
8.277272000,Async 5,Digital 6,05
8.277359000,Async 5,Digital 6,01
8.277446000,Async 5,Digital 6,48
8.277533000,Async 5,Digital 6,00
8.277619000,Async 5,Digital 6,01
8.277706000,Async 5,Digital 6,00
8.334719000,Async 5,Digital 6,02
8.334805000,Async 5,Digital 6,48
8.334892000,Async 5,Digital 6,20
8.334979000,Async 5,Digital 6,09
8.335065000,Async 5,Digital 6,00
8.335152000,Async 5,Digital 6,05
8.335239000,Async 5,Digital 6,00
8.335326000,Async 5,Digital 6,04
8.335412000,Async 5,Digital 6,00
8.335499000,Async 5,Digital 6,04
8.335586000,Async 5,Digital 6,17
8.335672000,Async 5,Digital 6,00
8.335759000,Async 5,Digital 6,17
8.335846000,Async 5,Digital 6,00
8.336098000,Async 5,Digital 5,02
8.336185000,Async 5,Digital 5,48
8.336271000,Async 5,Digital 5,00
8.336358000,Async 5,Digital 5,0A
8.336445000,Async 5,Digital 5,00
8.336532000,Async 5,Digital 5,06
8.336619000,Async 5,Digital 5,00
8.336706000,Async 5,Digital 5,04
8.336792000,Async 5,Digital 5,00
8.336879000,Async 5,Digital 5,05
8.336966000,Async 5,Digital 5,01
8.337053000,Async 5,Digital 5,17
8.337140000,Async 5,Digital 5,00
8.337227000,Async 5,Digital 5,03
8.337313000,Async 5,Digital 5,28
8.337337000,Async 5,Digital 6,04
8.337459000,Async 5,Digital 6,13
8.337545000,Async 5,Digital 6,05
8.337632000,Async 5,Digital 6,01
8.337719000,Async 5,Digital 6,48
8.337805000,Async 5,Digital 6,00
8.337892000,Async 5,Digital 6,01
8.337979000,Async 5,Digital 6,00
8.394723000,Async 5,Digital 6,02
8.394809000,Async 5,Digital 6,48
8.394896000,Async 5,Digital 6,20
8.394983000,Async 5,Digital 6,07
8.395069000,Async 5,Digital 6,00
8.395156000,Async 5,Digital 6,03
8.395243000,Async 5,Digital 6,00
8.395330000,Async 5,Digital 6,04
8.395416000,Async 5,Digital 6,00
8.395503000,Async 5,Digital 6,0A
8.395590000,Async 5,Digital 6,16
8.395676000,Async 5,Digital 6,00
8.395937000,Async 5,Digital 5,02
8.396024000,Async 5,Digital 5,48
8.396110000,Async 5,Digital 5,00
8.396197000,Async 5,Digital 5,0A
8.396284000,Async 5,Digital 5,00
8.396371000,Async 5,Digital 5,06
8.396458000,Async 5,Digital 5,00
8.396545000,Async 5,Digital 5,04
8.396631000,Async 5,Digital 5,00
8.396718000,Async 5,Digital 5,0B
8.396805000,Async 5,Digital 5,30
8.396892000,Async 5,Digital 5,30
8.396979000,Async 5,Digital 5,2D
8.397066000,Async 5,Digital 5,30
8.397152000,Async 5,Digital 5,31
8.397177000,Async 5,Digital 6,04
8.397315000,Async 5,Digital 6,13
8.397402000,Async 5,Digital 6,05
8.397489000,Async 5,Digital 6,01
8.397575000,Async 5,Digital 6,48
8.397662000,Async 5,Digital 6,00
8.397749000,Async 5,Digital 6,01
8.397836000,Async 5,Digital 6,00
8.454753000,Async 5,Digital 6,02
8.454839000,Async 5,Digital 6,48
8.454926000,Async 5,Digital 6,20
8.455013000,Async 5,Digital 6,09
8.455099000,Async 5,Digital 6,00
8.455186000,Async 5,Digital 6,05
8.455273000,Async 5,Digital 6,00
8.455360000,Async 5,Digital 6,04
8.455446000,Async 5,Digital 6,00
8.455533000,Async 5,Digital 6,04
8.455620000,Async 5,Digital 6,19
8.455706000,Async 5,Digital 6,00
8.455793000,Async 5,Digital 6,19
8.455880000,Async 5,Digital 6,00
8.456134000,Async 5,Digital 5,02
8.456221000,Async 5,Digital 5,48
8.456308000,Async 5,Digital 5,00
8.456394000,Async 5,Digital 5,0A
8.456481000,Async 5,Digital 5,00
8.456568000,Async 5,Digital 5,06
8.456655000,Async 5,Digital 5,00
8.456742000,Async 5,Digital 5,04
8.456828000,Async 5,Digital 5,00
8.456915000,Async 5,Digital 5,05
8.457002000,Async 5,Digital 5,01
8.457089000,Async 5,Digital 5,19
8.457176000,Async 5,Digital 5,00
8.457263000,Async 5,Digital 5,03
8.457349000,Async 5,Digital 5,28
8.457380000,Async 5,Digital 6,04
8.457493000,Async 5,Digital 6,13
8.457579000,Async 5,Digital 6,05
8.457666000,Async 5,Digital 6,01
8.457753000,Async 5,Digital 6,48
8.457840000,Async 5,Digital 6,00
8.457926000,Async 5,Digital 6,01
8.458013000,Async 5,Digital 6,00
8.514748000,Async 5,Digital 6,02
8.514835000,Async 5,Digital 6,48
8.514921000,Async 5,Digital 6,20
8.515008000,Async 5,Digital 6,07
8.515095000,Async 5,Digital 6,00
8.515182000,Async 5,Digital 6,03
8.515268000,Async 5,Digital 6,00
8.515355000,Async 5,Digital 6,04
8.515442000,Async 5,Digital 6,00
8.515528000,Async 5,Digital 6,0A
8.515615000,Async 5,Digital 6,18
8.515702000,Async 5,Digital 6,00
8.515966000,Async 5,Digital 5,02
8.516053000,Async 5,Digital 5,48
8.516140000,Async 5,Digital 5,00
8.516227000,Async 5,Digital 5,0A
8.516314000,Async 5,Digital 5,00
8.516400000,Async 5,Digital 5,06
8.516487000,Async 5,Digital 5,00
8.516574000,Async 5,Digital 5,04
8.516661000,Async 5,Digital 5,00
8.516748000,Async 5,Digital 5,0B
8.516835000,Async 5,Digital 5,30
8.516921000,Async 5,Digital 5,30
8.517008000,Async 5,Digital 5,2D
8.517095000,Async 5,Digital 5,30
8.517182000,Async 5,Digital 5,31
8.517211000,Async 5,Digital 6,04
8.517323000,Async 5,Digital 6,13
8.517410000,Async 5,Digital 6,05
8.517497000,Async 5,Digital 6,01
8.517583000,Async 5,Digital 6,48
8.517670000,Async 5,Digital 6,00
8.517757000,Async 5,Digital 6,01
8.517844000,Async 5,Digital 6,00
8.574787000,Async 5,Digital 6,02
8.574873000,Async 5,Digital 6,48
8.574960000,Async 5,Digital 6,20
8.575047000,Async 5,Digital 6,09
8.575134000,Async 5,Digital 6,00
8.575220000,Async 5,Digital 6,05
8.575307000,Async 5,Digital 6,00
8.575394000,Async 5,Digital 6,04
8.575480000,Async 5,Digital 6,00
8.575567000,Async 5,Digital 6,04
8.575654000,Async 5,Digital 6,1B
8.575741000,Async 5,Digital 6,00
8.575827000,Async 5,Digital 6,1B
8.575914000,Async 5,Digital 6,00
8.576404000,Async 5,Digital 5,02
8.576491000,Async 5,Digital 5,48
8.576578000,Async 5,Digital 5,00
8.576665000,Async 5,Digital 5,0A
8.576751000,Async 5,Digital 5,00
8.576838000,Async 5,Digital 5,06
8.576925000,Async 5,Digital 5,00
8.577012000,Async 5,Digital 5,04
8.577099000,Async 5,Digital 5,00
8.577186000,Async 5,Digital 5,05
8.577272000,Async 5,Digital 5,01
8.577359000,Async 5,Digital 5,1B
8.577446000,Async 5,Digital 5,00
8.577533000,Async 5,Digital 5,03
8.577620000,Async 5,Digital 5,28
8.577648000,Async 5,Digital 6,04
8.577770000,Async 5,Digital 6,13
8.577856000,Async 5,Digital 6,05
8.577943000,Async 5,Digital 6,01
8.578030000,Async 5,Digital 6,48
8.578116000,Async 5,Digital 6,00
8.578203000,Async 5,Digital 6,01
8.578290000,Async 5,Digital 6,00
8.634782000,Async 5,Digital 6,02
8.634869000,Async 5,Digital 6,48
8.634956000,Async 5,Digital 6,20
8.635042000,Async 5,Digital 6,07
8.635129000,Async 5,Digital 6,00
8.635216000,Async 5,Digital 6,03
8.635302000,Async 5,Digital 6,00
8.635389000,Async 5,Digital 6,04
8.635476000,Async 5,Digital 6,00
8.635563000,Async 5,Digital 6,0A
8.635649000,Async 5,Digital 6,1A
8.635736000,Async 5,Digital 6,00
8.636014000,Async 5,Digital 5,02
8.636101000,Async 5,Digital 5,48
8.636188000,Async 5,Digital 5,00
8.636274000,Async 5,Digital 5,19
8.636361000,Async 5,Digital 5,00
8.636448000,Async 5,Digital 5,15
8.636535000,Async 5,Digital 5,00
8.636622000,Async 5,Digital 5,04
8.636709000,Async 5,Digital 5,00
8.636796000,Async 5,Digital 5,0B
8.636883000,Async 5,Digital 5,4D
8.636970000,Async 5,Digital 5,61
8.637057000,Async 5,Digital 5,72
8.637143000,Async 5,Digital 5,20
8.637230000,Async 5,Digital 5,32
8.637317000,Async 5,Digital 5,30
8.637404000,Async 5,Digital 5,20
8.637491000,Async 5,Digital 5,32
8.637578000,Async 5,Digital 5,30
8.637664000,Async 5,Digital 5,31
8.637751000,Async 5,Digital 5,36
8.637838000,Async 5,Digital 5,20
8.637925000,Async 5,Digital 5,31
8.638012000,Async 5,Digital 5,35
8.638099000,Async 5,Digital 5,3A
8.638185000,Async 5,Digital 5,32
8.638272000,Async 5,Digital 5,35
8.638359000,Async 5,Digital 5,3A
8.638446000,Async 5,Digital 5,35
8.638533000,Async 5,Digital 5,32
8.638563000,Async 5,Digital 6,04
8.638719000,Async 5,Digital 6,13
8.638806000,Async 5,Digital 6,05
8.638892000,Async 5,Digital 6,01
8.638979000,Async 5,Digital 6,48
8.639066000,Async 5,Digital 6,00
8.639152000,Async 5,Digital 6,01
8.639239000,Async 5,Digital 6,00
8.694812000,Async 5,Digital 6,02
8.694899000,Async 5,Digital 6,48
8.694986000,Async 5,Digital 6,20
8.695072000,Async 5,Digital 6,09
8.695159000,Async 5,Digital 6,00
8.695246000,Async 5,Digital 6,05
8.695332000,Async 5,Digital 6,00
8.695419000,Async 5,Digital 6,04
8.695506000,Async 5,Digital 6,00
8.695593000,Async 5,Digital 6,04
8.695679000,Async 5,Digital 6,1D
8.695766000,Async 5,Digital 6,00
8.695853000,Async 5,Digital 6,1D
8.695939000,Async 5,Digital 6,00
8.696434000,Async 5,Digital 5,02
8.696521000,Async 5,Digital 5,48
8.696608000,Async 5,Digital 5,00
8.696695000,Async 5,Digital 5,0A
8.696782000,Async 5,Digital 5,00
8.696869000,Async 5,Digital 5,06
8.696956000,Async 5,Digital 5,00
8.697042000,Async 5,Digital 5,04
8.697129000,Async 5,Digital 5,00
8.697216000,Async 5,Digital 5,05
8.697303000,Async 5,Digital 5,01
8.697390000,Async 5,Digital 5,1D
8.697476000,Async 5,Digital 5,00
8.697563000,Async 5,Digital 5,03
8.697650000,Async 5,Digital 5,28
8.697682000,Async 5,Digital 6,04
8.697795000,Async 5,Digital 6,13
8.697882000,Async 5,Digital 6,05
8.697968000,Async 5,Digital 6,01
8.698055000,Async 5,Digital 6,48
8.698142000,Async 5,Digital 6,00
8.698229000,Async 5,Digital 6,01
8.698315000,Async 5,Digital 6,00
8.754808000,Async 5,Digital 6,02
8.754894000,Async 5,Digital 6,48
8.754981000,Async 5,Digital 6,20
8.755068000,Async 5,Digital 6,07
8.755154000,Async 5,Digital 6,00
8.755241000,Async 5,Digital 6,03
8.755328000,Async 5,Digital 6,00
8.755415000,Async 5,Digital 6,04
8.755501000,Async 5,Digital 6,00
8.755588000,Async 5,Digital 6,0A
8.755675000,Async 5,Digital 6,1C
8.755761000,Async 5,Digital 6,00
8.756245000,Async 5,Digital 5,02
8.756331000,Async 5,Digital 5,48
8.756418000,Async 5,Digital 5,00
8.756505000,Async 5,Digital 5,09
8.756592000,Async 5,Digital 5,00
8.756679000,Async 5,Digital 5,05
8.756770000,Async 5,Digital 5,00
8.756857000,Async 5,Digital 5,04
8.756944000,Async 5,Digital 5,00
8.757030000,Async 5,Digital 5,0B
8.757117000,Async 5,Digital 5,36
8.757204000,Async 5,Digital 5,30
8.757291000,Async 5,Digital 5,32
8.757378000,Async 5,Digital 5,35
8.757409000,Async 5,Digital 6,04
8.757530000,Async 5,Digital 6,13
8.757617000,Async 5,Digital 6,05
8.757704000,Async 5,Digital 6,01
8.757790000,Async 5,Digital 6,48
8.757877000,Async 5,Digital 6,00
8.757964000,Async 5,Digital 6,01
8.758051000,Async 5,Digital 6,00
8.814846000,Async 5,Digital 6,02
8.814933000,Async 5,Digital 6,48
8.815020000,Async 5,Digital 6,20
8.815106000,Async 5,Digital 6,09
8.815193000,Async 5,Digital 6,00
8.815280000,Async 5,Digital 6,05
8.815367000,Async 5,Digital 6,00
8.815453000,Async 5,Digital 6,04
8.815540000,Async 5,Digital 6,00
8.815627000,Async 5,Digital 6,04
8.815713000,Async 5,Digital 6,1F
8.815800000,Async 5,Digital 6,00
8.815887000,Async 5,Digital 6,1F
8.815974000,Async 5,Digital 6,00
8.816494000,Async 5,Digital 5,02
8.816581000,Async 5,Digital 5,48
8.816668000,Async 5,Digital 5,00
8.816754000,Async 5,Digital 5,0A
8.816841000,Async 5,Digital 5,00
8.816928000,Async 5,Digital 5,06
8.817015000,Async 5,Digital 5,00
8.817101000,Async 5,Digital 5,04
8.817188000,Async 5,Digital 5,00
8.817275000,Async 5,Digital 5,05
8.817362000,Async 5,Digital 5,01
8.817448000,Async 5,Digital 5,1F
8.817535000,Async 5,Digital 5,00
8.817622000,Async 5,Digital 5,03
8.817709000,Async 5,Digital 5,28
8.817734000,Async 5,Digital 6,04
8.817855000,Async 5,Digital 6,13
8.817942000,Async 5,Digital 6,05
8.818029000,Async 5,Digital 6,01
8.818115000,Async 5,Digital 6,48
8.818202000,Async 5,Digital 6,00
8.818289000,Async 5,Digital 6,01
8.818375000,Async 5,Digital 6,00
8.874842000,Async 5,Digital 6,02
8.874928000,Async 5,Digital 6,48
8.875015000,Async 5,Digital 6,20
8.875102000,Async 5,Digital 6,07
8.875188000,Async 5,Digital 6,00
8.875275000,Async 5,Digital 6,03
8.875362000,Async 5,Digital 6,00
8.875449000,Async 5,Digital 6,04
8.875535000,Async 5,Digital 6,00
8.875622000,Async 5,Digital 6,0A
8.875709000,Async 5,Digital 6,1E
8.875795000,Async 5,Digital 6,00
8.876283000,Async 5,Digital 5,02
8.876370000,Async 5,Digital 5,48
8.876457000,Async 5,Digital 5,00
8.876544000,Async 5,Digital 5,16
8.876631000,Async 5,Digital 5,00
8.876718000,Async 5,Digital 5,12
8.876805000,Async 5,Digital 5,00
8.876891000,Async 5,Digital 5,04
8.876978000,Async 5,Digital 5,00
8.877065000,Async 5,Digital 5,0B
8.877152000,Async 5,Digital 5,30
8.877239000,Async 5,Digital 5,30
8.877325000,Async 5,Digital 5,30
8.877412000,Async 5,Digital 5,30
8.877499000,Async 5,Digital 5,30
8.877586000,Async 5,Digital 5,30
8.877673000,Async 5,Digital 5,30
8.877760000,Async 5,Digital 5,30
8.877846000,Async 5,Digital 5,2D
8.877933000,Async 5,Digital 5,30
8.878020000,Async 5,Digital 5,30
8.878107000,Async 5,Digital 5,30
8.878194000,Async 5,Digital 5,30
8.878280000,Async 5,Digital 5,30
8.878367000,Async 5,Digital 5,30
8.878454000,Async 5,Digital 5,30
8.878541000,Async 5,Digital 5,30
8.878570000,Async 5,Digital 6,04
8.878709000,Async 5,Digital 6,13
8.878796000,Async 5,Digital 6,05
8.878882000,Async 5,Digital 6,01
8.878969000,Async 5,Digital 6,48
8.879056000,Async 5,Digital 6,00
8.879143000,Async 5,Digital 6,01
8.879229000,Async 5,Digital 6,00
8.934854000,Async 5,Digital 6,02
8.934941000,Async 5,Digital 6,48
8.935028000,Async 5,Digital 6,20
8.935114000,Async 5,Digital 6,07
8.935201000,Async 5,Digital 6,00
8.935288000,Async 5,Digital 6,03
8.935375000,Async 5,Digital 6,00
8.935461000,Async 5,Digital 6,04
8.935548000,Async 5,Digital 6,00
8.935635000,Async 5,Digital 6,0A
8.935721000,Async 5,Digital 6,20
8.935808000,Async 5,Digital 6,00
8.936307000,Async 5,Digital 5,02
8.936393000,Async 5,Digital 5,48
8.936480000,Async 5,Digital 5,00
8.936567000,Async 5,Digital 5,15
8.936654000,Async 5,Digital 5,00
8.936741000,Async 5,Digital 5,11
8.936828000,Async 5,Digital 5,00
8.936914000,Async 5,Digital 5,04
8.937001000,Async 5,Digital 5,00
8.937088000,Async 5,Digital 5,0B
8.937175000,Async 5,Digital 5,49
8.937262000,Async 5,Digital 5,45
8.937348000,Async 5,Digital 5,45
8.937435000,Async 5,Digital 5,45
8.937522000,Async 5,Digital 5,2D
8.937609000,Async 5,Digital 5,31
8.937696000,Async 5,Digital 5,31
8.937783000,Async 5,Digital 5,30
8.937869000,Async 5,Digital 5,37
8.937956000,Async 5,Digital 5,33
8.938043000,Async 5,Digital 5,2D
8.938130000,Async 5,Digital 5,32
8.938217000,Async 5,Digital 5,30
8.938303000,Async 5,Digital 5,36
8.938390000,Async 5,Digital 5,30
8.938477000,Async 5,Digital 5,31
8.938505000,Async 5,Digital 6,04
8.938626000,Async 5,Digital 6,13
8.938713000,Async 5,Digital 6,05
8.938800000,Async 5,Digital 6,01
8.938886000,Async 5,Digital 6,48
8.938973000,Async 5,Digital 6,00
8.939060000,Async 5,Digital 6,01
8.939147000,Async 5,Digital 6,00
8.994884000,Async 5,Digital 6,02
8.994971000,Async 5,Digital 6,48
8.995058000,Async 5,Digital 6,20
8.995145000,Async 5,Digital 6,09
8.995231000,Async 5,Digital 6,00
8.995318000,Async 5,Digital 6,05
8.995405000,Async 5,Digital 6,00
8.995491000,Async 5,Digital 6,04
8.995578000,Async 5,Digital 6,00
8.995665000,Async 5,Digital 6,04
8.995752000,Async 5,Digital 6,24
8.995838000,Async 5,Digital 6,00
8.995925000,Async 5,Digital 6,24
8.996012000,Async 5,Digital 6,00
8.996523000,Async 5,Digital 5,02
8.996610000,Async 5,Digital 5,48
8.996697000,Async 5,Digital 5,00
8.996783000,Async 5,Digital 5,0A
8.996870000,Async 5,Digital 5,00
8.996957000,Async 5,Digital 5,06
8.997044000,Async 5,Digital 5,00
8.997131000,Async 5,Digital 5,04
8.997217000,Async 5,Digital 5,00
8.997304000,Async 5,Digital 5,05
8.997391000,Async 5,Digital 5,01
8.997478000,Async 5,Digital 5,24
8.997564000,Async 5,Digital 5,00
8.997651000,Async 5,Digital 5,03
8.997738000,Async 5,Digital 5,28
8.997763000,Async 5,Digital 6,04
8.997902000,Async 5,Digital 6,13
8.997989000,Async 5,Digital 6,05
8.998075000,Async 5,Digital 6,01
8.998162000,Async 5,Digital 6,48
8.998249000,Async 5,Digital 6,00
8.998336000,Async 5,Digital 6,01
8.998422000,Async 5,Digital 6,00
9.054906000,Async 5,Digital 6,02
9.054993000,Async 5,Digital 6,48
9.055079000,Async 5,Digital 6,20
9.055166000,Async 5,Digital 6,09
9.055253000,Async 5,Digital 6,00
9.055339000,Async 5,Digital 6,05
9.055426000,Async 5,Digital 6,00
9.055513000,Async 5,Digital 6,04
9.055599000,Async 5,Digital 6,00
9.055686000,Async 5,Digital 6,04
9.055773000,Async 5,Digital 6,26
9.055860000,Async 5,Digital 6,00
9.055946000,Async 5,Digital 6,26
9.056033000,Async 5,Digital 6,00
9.056565000,Async 5,Digital 5,02
9.056652000,Async 5,Digital 5,48
9.056739000,Async 5,Digital 5,00
9.056826000,Async 5,Digital 5,0A
9.056912000,Async 5,Digital 5,00
9.056999000,Async 5,Digital 5,06
9.057086000,Async 5,Digital 5,00
9.057173000,Async 5,Digital 5,04
9.057260000,Async 5,Digital 5,00
9.057347000,Async 5,Digital 5,05
9.057433000,Async 5,Digital 5,01
9.057520000,Async 5,Digital 5,26
9.057607000,Async 5,Digital 5,00
9.057694000,Async 5,Digital 5,03
9.057781000,Async 5,Digital 5,28
9.057811000,Async 5,Digital 6,04
9.057932000,Async 5,Digital 6,13
9.058019000,Async 5,Digital 6,05
9.058105000,Async 5,Digital 6,01
9.058192000,Async 5,Digital 6,48
9.058279000,Async 5,Digital 6,00
9.058366000,Async 5,Digital 6,01
9.058452000,Async 5,Digital 6,00
9.144929000,Async 5,Digital 6,02
9.145016000,Async 5,Digital 6,48
9.145103000,Async 5,Digital 6,20
9.145189000,Async 5,Digital 6,09
9.145276000,Async 5,Digital 6,00
9.145363000,Async 5,Digital 6,05
9.145449000,Async 5,Digital 6,00
9.145536000,Async 5,Digital 6,04
9.145623000,Async 5,Digital 6,00
9.145710000,Async 5,Digital 6,04
9.145796000,Async 5,Digital 6,28
9.145883000,Async 5,Digital 6,00
9.145970000,Async 5,Digital 6,29
9.146056000,Async 5,Digital 6,00
9.146596000,Async 5,Digital 5,02
9.146683000,Async 5,Digital 5,48
9.146769000,Async 5,Digital 5,00
9.146856000,Async 5,Digital 5,0E
9.146943000,Async 5,Digital 5,00
9.147030000,Async 5,Digital 5,0A
9.147117000,Async 5,Digital 5,00
9.147203000,Async 5,Digital 5,04
9.147290000,Async 5,Digital 5,00
9.147377000,Async 5,Digital 5,05
9.147464000,Async 5,Digital 5,01
9.147550000,Async 5,Digital 5,28
9.147637000,Async 5,Digital 5,00
9.147724000,Async 5,Digital 5,02
9.147811000,Async 5,Digital 5,29
9.147897000,Async 5,Digital 5,29
9.147984000,Async 5,Digital 5,00
9.148071000,Async 5,Digital 5,03
9.148158000,Async 5,Digital 5,28
9.148190000,Async 5,Digital 6,04
9.148328000,Async 5,Digital 6,13
9.148415000,Async 5,Digital 6,05
9.148502000,Async 5,Digital 6,01
9.148588000,Async 5,Digital 6,48
9.148675000,Async 5,Digital 6,00
9.148762000,Async 5,Digital 6,01
9.148849000,Async 5,Digital 6,00
9.204942000,Async 5,Digital 6,02
9.205029000,Async 5,Digital 6,48
9.205115000,Async 5,Digital 6,20
9.205202000,Async 5,Digital 6,09
9.205289000,Async 5,Digital 6,00
9.205375000,Async 5,Digital 6,05
9.205462000,Async 5,Digital 6,00
9.205549000,Async 5,Digital 6,04
9.205636000,Async 5,Digital 6,00
9.205722000,Async 5,Digital 6,04
9.205809000,Async 5,Digital 6,2B
9.205896000,Async 5,Digital 6,00
9.205982000,Async 5,Digital 6,2B
9.206069000,Async 5,Digital 6,00
9.206584000,Async 5,Digital 5,02
9.206671000,Async 5,Digital 5,48
9.206758000,Async 5,Digital 5,00
9.206845000,Async 5,Digital 5,0A
9.206932000,Async 5,Digital 5,00
9.207019000,Async 5,Digital 5,06
9.207106000,Async 5,Digital 5,00
9.207192000,Async 5,Digital 5,04
9.207279000,Async 5,Digital 5,00
9.207366000,Async 5,Digital 5,05
9.207453000,Async 5,Digital 5,01
9.207540000,Async 5,Digital 5,2B
9.207627000,Async 5,Digital 5,00
9.207713000,Async 5,Digital 5,03
9.207800000,Async 5,Digital 5,28
9.207829000,Async 5,Digital 6,04
9.207951000,Async 5,Digital 6,13
9.208037000,Async 5,Digital 6,05
9.208124000,Async 5,Digital 6,01
9.208211000,Async 5,Digital 6,48
9.208298000,Async 5,Digital 6,00
9.208384000,Async 5,Digital 6,01
9.208471000,Async 5,Digital 6,00
9.264955000,Async 5,Digital 6,02
9.265041000,Async 5,Digital 6,48
9.265128000,Async 5,Digital 6,20
9.265215000,Async 5,Digital 6,09
9.265301000,Async 5,Digital 6,00
9.265388000,Async 5,Digital 6,05
9.265475000,Async 5,Digital 6,00
9.265562000,Async 5,Digital 6,04
9.265648000,Async 5,Digital 6,00
9.265735000,Async 5,Digital 6,04
9.265822000,Async 5,Digital 6,2D
9.265908000,Async 5,Digital 6,00
9.265995000,Async 5,Digital 6,2D
9.266082000,Async 5,Digital 6,00
9.266616000,Async 5,Digital 5,02
9.266703000,Async 5,Digital 5,48
9.266790000,Async 5,Digital 5,00
9.266877000,Async 5,Digital 5,0A
9.266964000,Async 5,Digital 5,00
9.267050000,Async 5,Digital 5,06
9.267137000,Async 5,Digital 5,00
9.267224000,Async 5,Digital 5,04
9.267311000,Async 5,Digital 5,00
9.267398000,Async 5,Digital 5,05
9.267485000,Async 5,Digital 5,01
9.267571000,Async 5,Digital 5,2D
9.267658000,Async 5,Digital 5,00
9.267745000,Async 5,Digital 5,02
9.267832000,Async 5,Digital 5,29
9.267859000,Async 5,Digital 6,04
9.267981000,Async 5,Digital 6,13
9.268068000,Async 5,Digital 6,05
9.268154000,Async 5,Digital 6,01
9.268241000,Async 5,Digital 6,48
9.268328000,Async 5,Digital 6,00
9.268414000,Async 5,Digital 6,01
9.268501000,Async 5,Digital 6,00
9.324959000,Async 5,Digital 6,02
9.325045000,Async 5,Digital 6,48
9.325132000,Async 5,Digital 6,20
9.325219000,Async 5,Digital 6,07
9.325306000,Async 5,Digital 6,00
9.325392000,Async 5,Digital 6,03
9.325479000,Async 5,Digital 6,00
9.325566000,Async 5,Digital 6,04
9.325652000,Async 5,Digital 6,00
9.325739000,Async 5,Digital 6,0A
9.325826000,Async 5,Digital 6,28
9.325912000,Async 5,Digital 6,00
9.326421000,Async 5,Digital 5,02
9.326508000,Async 5,Digital 5,48
9.326595000,Async 5,Digital 5,00
9.326682000,Async 5,Digital 5,05
9.326769000,Async 5,Digital 5,00
9.326856000,Async 5,Digital 5,01
9.326943000,Async 5,Digital 5,00
9.327029000,Async 5,Digital 5,04
9.327116000,Async 5,Digital 5,00
9.327203000,Async 5,Digital 5,0B
9.327230000,Async 5,Digital 6,04
9.327352000,Async 5,Digital 6,13
9.327439000,Async 5,Digital 6,05
9.327525000,Async 5,Digital 6,01
9.327612000,Async 5,Digital 6,48
9.327699000,Async 5,Digital 6,00
9.327785000,Async 5,Digital 6,01
9.327872000,Async 5,Digital 6,00
9.384971000,Async 5,Digital 6,02
9.385058000,Async 5,Digital 6,48
9.385145000,Async 5,Digital 6,20
9.385232000,Async 5,Digital 6,07
9.385318000,Async 5,Digital 6,00
9.385405000,Async 5,Digital 6,03
9.385492000,Async 5,Digital 6,00
9.385578000,Async 5,Digital 6,04
9.385665000,Async 5,Digital 6,00
9.385752000,Async 5,Digital 6,0A
9.385838000,Async 5,Digital 6,2D
9.385925000,Async 5,Digital 6,00
9.386457000,Async 5,Digital 5,02
9.386544000,Async 5,Digital 5,48
9.386631000,Async 5,Digital 5,00
9.386718000,Async 5,Digital 5,05
9.386804000,Async 5,Digital 5,00
9.386891000,Async 5,Digital 5,01
9.386978000,Async 5,Digital 5,00
9.387065000,Async 5,Digital 5,04
9.387151000,Async 5,Digital 5,00
9.387238000,Async 5,Digital 5,0B
9.387269000,Async 5,Digital 6,04
9.387425000,Async 5,Digital 6,13
9.387512000,Async 5,Digital 6,05
9.387599000,Async 5,Digital 6,01
9.387685000,Async 5,Digital 6,48
9.387772000,Async 5,Digital 6,00
9.387859000,Async 5,Digital 6,01
9.387946000,Async 5,Digital 6,00
9.444949000,Async 5,Digital 6,04
9.445036000,Async 5,Digital 6,13
9.445123000,Async 5,Digital 6,05
9.445210000,Async 5,Digital 6,01
9.445296000,Async 5,Digital 6,48
9.445383000,Async 5,Digital 6,00
9.445470000,Async 5,Digital 6,01
9.445556000,Async 5,Digital 6,00
11.065414000,Async 5,Digital 6,02
11.065501000,Async 5,Digital 6,48
11.065588000,Async 5,Digital 6,20
11.065674000,Async 5,Digital 6,0B
11.065761000,Async 5,Digital 6,00
11.065848000,Async 5,Digital 6,07
11.065934000,Async 5,Digital 6,00
11.066021000,Async 5,Digital 6,04
11.066108000,Async 5,Digital 6,00
11.066194000,Async 5,Digital 6,08
11.066281000,Async 5,Digital 6,01
11.066368000,Async 5,Digital 6,00
11.066455000,Async 5,Digital 6,05
11.066541000,Async 5,Digital 6,00
11.066628000,Async 5,Digital 6,00
11.066715000,Async 5,Digital 6,2A
11.066958000,Async 5,Digital 5,02
11.067046000,Async 5,Digital 5,48
11.067133000,Async 5,Digital 5,00
11.067219000,Async 5,Digital 5,14
11.067306000,Async 5,Digital 5,00
11.067393000,Async 5,Digital 5,10
11.067480000,Async 5,Digital 5,00
11.067567000,Async 5,Digital 5,04
11.067654000,Async 5,Digital 5,00
11.067741000,Async 5,Digital 5,09
11.067828000,Async 5,Digital 5,0E
11.067914000,Async 5,Digital 5,03
11.068001000,Async 5,Digital 5,00
11.068088000,Async 5,Digital 5,49
11.068175000,Async 5,Digital 5,50
11.068262000,Async 5,Digital 5,4F
11.068349000,Async 5,Digital 5,53
11.068436000,Async 5,Digital 5,30
11.068523000,Async 5,Digital 5,31
11.068609000,Async 5,Digital 5,38
11.068696000,Async 5,Digital 5,38
11.068783000,Async 5,Digital 5,33
11.068870000,Async 5,Digital 5,36
11.068957000,Async 5,Digital 5,33
11.069044000,Async 5,Digital 5,34
11.125375000,Async 5,Digital 6,04
11.125461000,Async 5,Digital 6,13
11.125548000,Async 5,Digital 6,05
11.125635000,Async 5,Digital 6,01
11.125722000,Async 5,Digital 6,48
11.125808000,Async 5,Digital 6,00
11.125895000,Async 5,Digital 6,01
11.125982000,Async 5,Digital 6,00
12.126124000,Async 5,Digital 6,04
12.126211000,Async 5,Digital 6,07
12.126298000,Async 5,Digital 6,FF
12.126384000,Async 5,Digital 6,04
12.126471000,Async 5,Digital 6,00
12.126558000,Async 5,Digital 6,14
12.126645000,Async 5,Digital 6,03
12.126731000,Async 5,Digital 6,BE
12.126818000,Async 5,Digital 6,99
12.126905000,Async 5,Digital 6,76
12.126991000,Async 5,Digital 6,00
12.127078000,Async 5,Digital 6,00
12.127165000,Async 5,Digital 6,00
12.127252000,Async 5,Digital 6,00
12.127338000,Async 5,Digital 6,00
12.127425000,Async 5,Digital 6,00
12.127512000,Async 5,Digital 6,00
12.127598000,Async 5,Digital 6,00
12.127685000,Async 5,Digital 6,00
12.127772000,Async 5,Digital 6,00
12.127859000,Async 5,Digital 6,00
12.127945000,Async 5,Digital 6,00
12.128032000,Async 5,Digital 6,00
12.128119000,Async 5,Digital 6,00
12.128205000,Async 5,Digital 6,00
12.128292000,Async 5,Digital 6,00
12.128379000,Async 5,Digital 6,00
12.128466000,Async 5,Digital 6,00
12.128552000,Async 5,Digital 6,00
12.128639000,Async 5,Digital 6,00
12.128726000,Async 5,Digital 6,00
12.128812000,Async 5,Digital 6,00
12.128899000,Async 5,Digital 6,00
12.128986000,Async 5,Digital 6,00
12.129073000,Async 5,Digital 6,00
12.129159000,Async 5,Digital 6,00
12.129246000,Async 5,Digital 6,00
12.129333000,Async 5,Digital 6,00
12.129419000,Async 5,Digital 6,00
12.129506000,Async 5,Digital 6,00
12.129593000,Async 5,Digital 6,00
12.129679000,Async 5,Digital 6,00
12.129766000,Async 5,Digital 6,00
12.129853000,Async 5,Digital 6,00
12.129940000,Async 5,Digital 6,00
12.130026000,Async 5,Digital 6,00
12.130113000,Async 5,Digital 6,00
12.130200000,Async 5,Digital 6,00
12.130286000,Async 5,Digital 6,00
12.130373000,Async 5,Digital 6,00
12.130460000,Async 5,Digital 6,00
12.130547000,Async 5,Digital 6,00
12.130633000,Async 5,Digital 6,00
12.130720000,Async 5,Digital 6,00
12.130807000,Async 5,Digital 6,00
12.130893000,Async 5,Digital 6,00
12.130980000,Async 5,Digital 6,00
12.131067000,Async 5,Digital 6,00
12.131154000,Async 5,Digital 6,00
12.131240000,Async 5,Digital 6,00
12.131327000,Async 5,Digital 6,00
12.131414000,Async 5,Digital 6,00
12.131500000,Async 5,Digital 6,00
12.131587000,Async 5,Digital 6,00
12.131674000,Async 5,Digital 6,00
12.131761000,Async 5,Digital 6,00
12.131847000,Async 5,Digital 6,00
12.131934000,Async 5,Digital 6,00
12.132021000,Async 5,Digital 6,00
12.132107000,Async 5,Digital 6,00
12.132194000,Async 5,Digital 6,00
12.132281000,Async 5,Digital 6,00
12.132368000,Async 5,Digital 6,00
12.132454000,Async 5,Digital 6,00
12.132541000,Async 5,Digital 6,00
12.132628000,Async 5,Digital 6,00
12.132714000,Async 5,Digital 6,00
12.132801000,Async 5,Digital 6,00
12.132888000,Async 5,Digital 6,00
12.132974000,Async 5,Digital 6,00
12.133061000,Async 5,Digital 6,00
12.133148000,Async 5,Digital 6,00
12.133235000,Async 5,Digital 6,00
12.133321000,Async 5,Digital 6,00
12.133408000,Async 5,Digital 6,00
12.133495000,Async 5,Digital 6,00
12.133581000,Async 5,Digital 6,00
12.133668000,Async 5,Digital 6,00
12.133755000,Async 5,Digital 6,00
12.133842000,Async 5,Digital 6,00
12.133928000,Async 5,Digital 6,00
12.134015000,Async 5,Digital 6,00
12.134102000,Async 5,Digital 6,00
12.134188000,Async 5,Digital 6,00
12.134275000,Async 5,Digital 6,00
12.134362000,Async 5,Digital 6,00
12.134449000,Async 5,Digital 6,00
12.134535000,Async 5,Digital 6,00
12.134622000,Async 5,Digital 6,00
12.134709000,Async 5,Digital 6,00
12.134795000,Async 5,Digital 6,00
12.134882000,Async 5,Digital 6,00
12.134969000,Async 5,Digital 6,00
12.135056000,Async 5,Digital 6,00
12.135142000,Async 5,Digital 6,00
12.135229000,Async 5,Digital 6,00
12.135316000,Async 5,Digital 6,00
12.135402000,Async 5,Digital 6,00
12.135489000,Async 5,Digital 6,00
12.135576000,Async 5,Digital 6,00
12.135663000,Async 5,Digital 6,00
12.135749000,Async 5,Digital 6,00
12.135836000,Async 5,Digital 6,00
12.135923000,Async 5,Digital 6,00
12.136009000,Async 5,Digital 6,00
12.136096000,Async 5,Digital 6,00
12.136183000,Async 5,Digital 6,00
12.136270000,Async 5,Digital 6,00
12.136356000,Async 5,Digital 6,00
12.136443000,Async 5,Digital 6,00
12.136530000,Async 5,Digital 6,00
12.136616000,Async 5,Digital 6,00
12.136703000,Async 5,Digital 6,00
12.136790000,Async 5,Digital 6,00
12.136876000,Async 5,Digital 6,00
12.136963000,Async 5,Digital 6,00
12.137050000,Async 5,Digital 6,00
12.137137000,Async 5,Digital 6,00
12.137223000,Async 5,Digital 6,00
12.137310000,Async 5,Digital 6,00
12.137397000,Async 5,Digital 6,00
12.137483000,Async 5,Digital 6,00
12.137570000,Async 5,Digital 6,00
12.137657000,Async 5,Digital 6,00
12.137744000,Async 5,Digital 6,00
12.137830000,Async 5,Digital 6,00
12.137917000,Async 5,Digital 6,00
12.138004000,Async 5,Digital 6,00
12.138090000,Async 5,Digital 6,00
12.138177000,Async 5,Digital 6,00
12.138264000,Async 5,Digital 6,00
12.138351000,Async 5,Digital 6,00
12.138437000,Async 5,Digital 6,00
12.138524000,Async 5,Digital 6,00
12.138611000,Async 5,Digital 6,00
12.138697000,Async 5,Digital 6,00
12.138784000,Async 5,Digital 6,00
12.138871000,Async 5,Digital 6,00
12.138958000,Async 5,Digital 6,00
12.139044000,Async 5,Digital 6,00
12.139131000,Async 5,Digital 6,00
12.139218000,Async 5,Digital 6,00
12.139304000,Async 5,Digital 6,00
12.139391000,Async 5,Digital 6,00
12.139478000,Async 5,Digital 6,00
12.139565000,Async 5,Digital 6,00
12.139651000,Async 5,Digital 6,00
12.139738000,Async 5,Digital 6,00
12.139825000,Async 5,Digital 6,00
12.139911000,Async 5,Digital 6,00
12.139998000,Async 5,Digital 6,00
12.140085000,Async 5,Digital 6,00
12.140171000,Async 5,Digital 6,00
12.140258000,Async 5,Digital 6,00
12.140345000,Async 5,Digital 6,00
12.140432000,Async 5,Digital 6,00
12.140518000,Async 5,Digital 6,00
12.140605000,Async 5,Digital 6,00
12.140692000,Async 5,Digital 6,00
12.140778000,Async 5,Digital 6,00
12.140865000,Async 5,Digital 6,00
12.140952000,Async 5,Digital 6,00
12.141039000,Async 5,Digital 6,00
12.141125000,Async 5,Digital 6,00
12.141212000,Async 5,Digital 6,00
12.141299000,Async 5,Digital 6,00
12.141385000,Async 5,Digital 6,00
12.141472000,Async 5,Digital 6,00
12.141559000,Async 5,Digital 6,00
12.141646000,Async 5,Digital 6,00
12.141732000,Async 5,Digital 6,00
12.141819000,Async 5,Digital 6,00
12.141906000,Async 5,Digital 6,00
12.141992000,Async 5,Digital 6,00
12.142079000,Async 5,Digital 6,00
12.142166000,Async 5,Digital 6,00
12.142253000,Async 5,Digital 6,00
12.142339000,Async 5,Digital 6,00
12.142426000,Async 5,Digital 6,00
12.142513000,Async 5,Digital 6,00
12.142599000,Async 5,Digital 6,00
12.142686000,Async 5,Digital 6,00
12.142773000,Async 5,Digital 6,00
12.142860000,Async 5,Digital 6,00
12.142946000,Async 5,Digital 6,00
12.143033000,Async 5,Digital 6,00
12.143120000,Async 5,Digital 6,00
12.143206000,Async 5,Digital 6,00
12.143293000,Async 5,Digital 6,00
12.143380000,Async 5,Digital 6,00
12.143467000,Async 5,Digital 6,00
12.143553000,Async 5,Digital 6,00
12.143640000,Async 5,Digital 6,00
12.143727000,Async 5,Digital 6,00
12.143813000,Async 5,Digital 6,00
12.143900000,Async 5,Digital 6,00
12.143987000,Async 5,Digital 6,00
12.144074000,Async 5,Digital 6,00
12.144160000,Async 5,Digital 6,00
12.144247000,Async 5,Digital 6,00
12.144334000,Async 5,Digital 6,00
12.144420000,Async 5,Digital 6,00
12.144507000,Async 5,Digital 6,00
12.144594000,Async 5,Digital 6,00
12.144680000,Async 5,Digital 6,00
12.144767000,Async 5,Digital 6,00
12.144854000,Async 5,Digital 6,00
12.144941000,Async 5,Digital 6,00
12.145027000,Async 5,Digital 6,00
12.145114000,Async 5,Digital 6,00
12.145201000,Async 5,Digital 6,00
12.145287000,Async 5,Digital 6,00
12.145374000,Async 5,Digital 6,00
12.145461000,Async 5,Digital 6,00
12.145548000,Async 5,Digital 6,00
12.145634000,Async 5,Digital 6,00
12.145721000,Async 5,Digital 6,00
12.145808000,Async 5,Digital 6,00
12.145894000,Async 5,Digital 6,00
12.145981000,Async 5,Digital 6,00
12.146068000,Async 5,Digital 6,00
12.146155000,Async 5,Digital 6,00
12.146241000,Async 5,Digital 6,00
12.146328000,Async 5,Digital 6,00
12.146415000,Async 5,Digital 6,00
12.146501000,Async 5,Digital 6,00
12.146588000,Async 5,Digital 6,00
12.146675000,Async 5,Digital 6,00
12.146762000,Async 5,Digital 6,00
12.146848000,Async 5,Digital 6,00
12.146935000,Async 5,Digital 6,00
12.147022000,Async 5,Digital 6,00
12.147108000,Async 5,Digital 6,00
12.147195000,Async 5,Digital 6,00
12.147282000,Async 5,Digital 6,00
12.147369000,Async 5,Digital 6,00
12.147455000,Async 5,Digital 6,00
12.147542000,Async 5,Digital 6,00
12.147629000,Async 5,Digital 6,00
12.147715000,Async 5,Digital 6,00
12.147802000,Async 5,Digital 6,00
12.147889000,Async 5,Digital 6,00
12.147976000,Async 5,Digital 6,00
12.148062000,Async 5,Digital 6,00
12.148149000,Async 5,Digital 6,00
12.148236000,Async 5,Digital 6,00
12.148322000,Async 5,Digital 6,00
12.148409000,Async 5,Digital 6,00
18.357240000,Async 5,Digital 6,02
18.357327000,Async 5,Digital 6,48
18.357414000,Async 5,Digital 6,20
18.357501000,Async 5,Digital 6,09
18.357587000,Async 5,Digital 6,00
18.357674000,Async 5,Digital 6,05
18.357761000,Async 5,Digital 6,00
18.357847000,Async 5,Digital 6,04
18.357934000,Async 5,Digital 6,00
18.358021000,Async 5,Digital 6,12
18.358108000,Async 5,Digital 6,28
18.358194000,Async 5,Digital 6,00
18.358281000,Async 5,Digital 6,01
18.358368000,Async 5,Digital 6,00
18.358899000,Async 5,Digital 5,02
18.358986000,Async 5,Digital 5,48
18.359073000,Async 5,Digital 5,00
18.359160000,Async 5,Digital 5,05
18.359247000,Async 5,Digital 5,00
18.359335000,Async 5,Digital 5,01
18.359422000,Async 5,Digital 5,00
18.359509000,Async 5,Digital 5,04
18.359595000,Async 5,Digital 5,00
18.359682000,Async 5,Digital 5,13
18.359897000,Async 5,Digital 5,02
18.359985000,Async 5,Digital 5,48
18.360071000,Async 5,Digital 5,00
18.360158000,Async 5,Digital 5,10
18.360245000,Async 5,Digital 5,00
18.360332000,Async 5,Digital 5,0C
18.360419000,Async 5,Digital 5,00
18.360506000,Async 5,Digital 5,05
18.360593000,Async 5,Digital 5,00
18.360680000,Async 5,Digital 5,12
18.360767000,Async 5,Digital 5,01
18.360854000,Async 5,Digital 5,08
18.360940000,Async 5,Digital 5,00
18.361027000,Async 5,Digital 5,08
18.361114000,Async 5,Digital 5,00
18.361201000,Async 5,Digital 5,10
18.361288000,Async 5,Digital 5,00
18.361375000,Async 5,Digital 5,00
18.361462000,Async 5,Digital 5,00
18.361549000,Async 5,Digital 5,00
18.361636000,Async 5,Digital 5,02
18.387719000,Async 5,Digital 6,04
18.387806000,Async 5,Digital 6,13
18.387893000,Async 5,Digital 6,05
18.387979000,Async 5,Digital 6,01
18.388066000,Async 5,Digital 6,48
18.388153000,Async 5,Digital 6,00
18.388240000,Async 5,Digital 6,01
18.388326000,Async 5,Digital 6,00
18.417340000,Async 5,Digital 6,04
18.417427000,Async 5,Digital 6,13
18.417513000,Async 5,Digital 6,05
18.417600000,Async 5,Digital 6,01
18.417687000,Async 5,Digital 6,48
18.417773000,Async 5,Digital 6,00
18.417860000,Async 5,Digital 6,01
18.417947000,Async 5,Digital 6,00
18.447272000,Async 5,Digital 6,02
18.447359000,Async 5,Digital 6,48
18.447446000,Async 5,Digital 6,20
18.447533000,Async 5,Digital 6,0A
18.447619000,Async 5,Digital 6,00
18.447706000,Async 5,Digital 6,06
18.447793000,Async 5,Digital 6,00
18.447879000,Async 5,Digital 6,05
18.447966000,Async 5,Digital 6,00
18.448053000,Async 5,Digital 6,13
18.448140000,Async 5,Digital 6,01
18.448226000,Async 5,Digital 6,02
18.448313000,Async 5,Digital 6,00
18.448400000,Async 5,Digital 6,00
18.448486000,Async 5,Digital 6,00
18.806048000,Async 5,Digital 6,04
18.806135000,Async 5,Digital 6,3E
18.806221000,Async 5,Digital 6,0A
18.806308000,Async 5,Digital 6,03
18.806395000,Async 5,Digital 6,00
18.806482000,Async 5,Digital 6,48
18.806568000,Async 5,Digital 6,00
18.806655000,Async 5,Digital 6,0F
18.806742000,Async 5,Digital 6,00
18.806828000,Async 5,Digital 6,00
18.806915000,Async 5,Digital 6,00
18.807002000,Async 5,Digital 6,00
18.807089000,Async 5,Digital 6,02
19.313741000,Async 5,Digital 6,02
19.313828000,Async 5,Digital 6,48
19.313915000,Async 5,Digital 6,20
19.314001000,Async 5,Digital 6,09
19.314088000,Async 5,Digital 6,00
19.314175000,Async 5,Digital 6,05
19.314261000,Async 5,Digital 6,00
19.314348000,Async 5,Digital 6,04
19.314435000,Async 5,Digital 6,00
19.314522000,Async 5,Digital 6,12
19.314608000,Async 5,Digital 6,28
19.314695000,Async 5,Digital 6,00
19.314782000,Async 5,Digital 6,00
19.314868000,Async 5,Digital 6,00
19.315393000,Async 5,Digital 5,02
19.315480000,Async 5,Digital 5,48
19.315567000,Async 5,Digital 5,00
19.315654000,Async 5,Digital 5,05
19.315741000,Async 5,Digital 5,00
19.315828000,Async 5,Digital 5,01
19.315915000,Async 5,Digital 5,00
19.316002000,Async 5,Digital 5,04
19.316088000,Async 5,Digital 5,00
19.316175000,Async 5,Digital 5,13
19.351209000,Async 5,Digital 6,04
19.351296000,Async 5,Digital 6,13
19.351382000,Async 5,Digital 6,05
19.351469000,Async 5,Digital 6,01
19.351556000,Async 5,Digital 6,48
19.351643000,Async 5,Digital 6,00
19.351729000,Async 5,Digital 6,01
19.351816000,Async 5,Digital 6,00
24.583813000,Async 5,Digital 6,02
24.583899000,Async 5,Digital 6,48
24.583986000,Async 5,Digital 6,20
24.584073000,Async 5,Digital 6,07
24.584159000,Async 5,Digital 6,00
24.584246000,Async 5,Digital 6,03
24.584333000,Async 5,Digital 6,00
24.584420000,Async 5,Digital 6,04
24.584506000,Async 5,Digital 6,00
24.584593000,Async 5,Digital 6,0A
24.584680000,Async 5,Digital 6,2C
24.584766000,Async 5,Digital 6,00
24.585281000,Async 5,Digital 5,02
24.585368000,Async 5,Digital 5,48
24.585455000,Async 5,Digital 5,00
24.585542000,Async 5,Digital 5,05
24.585629000,Async 5,Digital 5,00
24.585716000,Async 5,Digital 5,01
24.585802000,Async 5,Digital 5,00
24.585889000,Async 5,Digital 5,04
24.585976000,Async 5,Digital 5,00
24.586063000,Async 5,Digital 5,0B
24.621298000,Async 5,Digital 6,04
24.621385000,Async 5,Digital 6,13
24.621471000,Async 5,Digital 6,05
24.621558000,Async 5,Digital 6,01
24.621645000,Async 5,Digital 6,48
24.621731000,Async 5,Digital 6,00
24.621818000,Async 5,Digital 6,01
24.621905000,Async 5,Digital 6,00
25.615336000,Async 5,Digital 6,02
25.615422000,Async 5,Digital 6,48
25.615509000,Async 5,Digital 6,20
25.615596000,Async 5,Digital 6,09
25.615683000,Async 5,Digital 6,00
25.615769000,Async 5,Digital 6,05
25.615856000,Async 5,Digital 6,00
25.615943000,Async 5,Digital 6,04
25.616029000,Async 5,Digital 6,00
25.616116000,Async 5,Digital 6,12
25.616203000,Async 5,Digital 6,2D
25.616290000,Async 5,Digital 6,00
25.616376000,Async 5,Digital 6,01
25.616463000,Async 5,Digital 6,00
25.616980000,Async 5,Digital 5,02
25.617066000,Async 5,Digital 5,48
25.617153000,Async 5,Digital 5,00
25.617240000,Async 5,Digital 5,05
25.617327000,Async 5,Digital 5,00
25.617414000,Async 5,Digital 5,01
25.617500000,Async 5,Digital 5,00
25.617587000,Async 5,Digital 5,04
25.617674000,Async 5,Digital 5,00
25.617761000,Async 5,Digital 5,13
25.652812000,Async 5,Digital 6,04
25.652899000,Async 5,Digital 6,13
25.652986000,Async 5,Digital 6,05
25.653072000,Async 5,Digital 6,01
25.653159000,Async 5,Digital 6,48
25.653246000,Async 5,Digital 6,00
25.653333000,Async 5,Digital 6,01
25.653419000,Async 5,Digital 6,00
26.946922000,Async 5,Digital 6,02
26.947009000,Async 5,Digital 6,48
26.947096000,Async 5,Digital 6,20
26.947183000,Async 5,Digital 6,09
26.947269000,Async 5,Digital 6,00
26.947356000,Async 5,Digital 6,05
26.947443000,Async 5,Digital 6,00
26.947529000,Async 5,Digital 6,04
26.947616000,Async 5,Digital 6,00
26.947703000,Async 5,Digital 6,12
26.947790000,Async 5,Digital 6,2D
26.947876000,Async 5,Digital 6,00
26.947963000,Async 5,Digital 6,00
26.948050000,Async 5,Digital 6,00
26.948566000,Async 5,Digital 5,02
26.948653000,Async 5,Digital 5,48
26.948739000,Async 5,Digital 5,00
26.948826000,Async 5,Digital 5,05
26.948913000,Async 5,Digital 5,00
26.949000000,Async 5,Digital 5,01
26.949087000,Async 5,Digital 5,00
26.949174000,Async 5,Digital 5,04
26.949261000,Async 5,Digital 5,00
26.949347000,Async 5,Digital 5,13
26.984390000,Async 5,Digital 6,04
26.984477000,Async 5,Digital 6,13
26.984564000,Async 5,Digital 6,05
26.984650000,Async 5,Digital 6,01
26.984737000,Async 5,Digital 6,48
26.984824000,Async 5,Digital 6,00
26.984911000,Async 5,Digital 6,01
26.984997000,Async 5,Digital 6,00
33.961212000,Async 5,Digital 6,02
33.961299000,Async 5,Digital 6,48
33.961386000,Async 5,Digital 6,20
33.961472000,Async 5,Digital 6,0F
33.961559000,Async 5,Digital 6,00
33.961646000,Async 5,Digital 6,0B
33.961733000,Async 5,Digital 6,00
33.961819000,Async 5,Digital 6,04
33.961906000,Async 5,Digital 6,00
33.961993000,Async 5,Digital 6,12
33.962079000,Async 5,Digital 6,2C
33.962166000,Async 5,Digital 6,00
33.962253000,Async 5,Digital 6,DE
33.962340000,Async 5,Digital 6,FA
33.962426000,Async 5,Digital 6,BC
33.962513000,Async 5,Digital 6,78
33.962600000,Async 5,Digital 6,94
33.962686000,Async 5,Digital 6,56
33.962773000,Async 5,Digital 6,12
33.962860000,Async 5,Digital 6,30
33.963388000,Async 5,Digital 5,02
33.963475000,Async 5,Digital 5,48
33.963561000,Async 5,Digital 5,00
33.963648000,Async 5,Digital 5,05
33.963735000,Async 5,Digital 5,00
33.963822000,Async 5,Digital 5,01
33.963909000,Async 5,Digital 5,00
33.963996000,Async 5,Digital 5,04
33.964083000,Async 5,Digital 5,00
33.964170000,Async 5,Digital 5,13
33.998663000,Async 5,Digital 6,02
33.998750000,Async 5,Digital 6,48
33.998836000,Async 5,Digital 6,20
33.998923000,Async 5,Digital 6,07
33.999010000,Async 5,Digital 6,00
33.999096000,Async 5,Digital 6,03
33.999183000,Async 5,Digital 6,00
33.999270000,Async 5,Digital 6,04
33.999357000,Async 5,Digital 6,00
33.999443000,Async 5,Digital 6,0A
33.999530000,Async 5,Digital 6,2C
33.999617000,Async 5,Digital 6,00
34.000142000,Async 5,Digital 5,02
34.000228000,Async 5,Digital 5,48
34.000315000,Async 5,Digital 5,00
34.000402000,Async 5,Digital 5,05
34.000489000,Async 5,Digital 5,00
34.000576000,Async 5,Digital 5,01
34.000663000,Async 5,Digital 5,00
34.000750000,Async 5,Digital 5,04
34.000836000,Async 5,Digital 5,00
34.000923000,Async 5,Digital 5,0B
34.000952000,Async 5,Digital 6,04
34.001073000,Async 5,Digital 6,13
34.001160000,Async 5,Digital 6,05
34.001247000,Async 5,Digital 6,01
34.001334000,Async 5,Digital 6,48
34.001420000,Async 5,Digital 6,00
34.001507000,Async 5,Digital 6,01
34.001594000,Async 5,Digital 6,00
34.036148000,Async 5,Digital 6,04
34.036235000,Async 5,Digital 6,13
34.036321000,Async 5,Digital 6,05
34.036408000,Async 5,Digital 6,01
34.036495000,Async 5,Digital 6,48
34.036582000,Async 5,Digital 6,00
34.036668000,Async 5,Digital 6,01
34.036755000,Async 5,Digital 6,00
35.649086000,Async 5,Digital 6,02
35.649173000,Async 5,Digital 6,48
35.649259000,Async 5,Digital 6,20
35.649346000,Async 5,Digital 6,09
35.649433000,Async 5,Digital 6,00
35.649520000,Async 5,Digital 6,05
35.649606000,Async 5,Digital 6,00
35.649693000,Async 5,Digital 6,04
35.649780000,Async 5,Digital 6,00
35.649866000,Async 5,Digital 6,12
35.649953000,Async 5,Digital 6,2D
35.650040000,Async 5,Digital 6,00
35.650127000,Async 5,Digital 6,01
35.650213000,Async 5,Digital 6,00
35.650746000,Async 5,Digital 5,02
35.650833000,Async 5,Digital 5,48
35.650920000,Async 5,Digital 5,00
35.651007000,Async 5,Digital 5,05
35.651093000,Async 5,Digital 5,00
35.651180000,Async 5,Digital 5,01
35.651267000,Async 5,Digital 5,00
35.651354000,Async 5,Digital 5,04
35.651441000,Async 5,Digital 5,00
35.651528000,Async 5,Digital 5,13
35.686563000,Async 5,Digital 6,04
35.686649000,Async 5,Digital 6,13
35.686736000,Async 5,Digital 6,05
35.686823000,Async 5,Digital 6,01
35.686909000,Async 5,Digital 6,48
35.686996000,Async 5,Digital 6,00
35.687083000,Async 5,Digital 6,01
35.687170000,Async 5,Digital 6,00
37.111953000,Async 5,Digital 6,02
37.112040000,Async 5,Digital 6,48
37.112127000,Async 5,Digital 6,20
37.112213000,Async 5,Digital 6,09
37.112300000,Async 5,Digital 6,00
37.112387000,Async 5,Digital 6,05
37.112473000,Async 5,Digital 6,00
37.112560000,Async 5,Digital 6,04
37.112647000,Async 5,Digital 6,00
37.112734000,Async 5,Digital 6,12
37.112820000,Async 5,Digital 6,2D
37.112907000,Async 5,Digital 6,00
37.112994000,Async 5,Digital 6,00
37.113080000,Async 5,Digital 6,00
37.113607000,Async 5,Digital 5,02
37.113694000,Async 5,Digital 5,48
37.113781000,Async 5,Digital 5,00
37.113868000,Async 5,Digital 5,05
37.113955000,Async 5,Digital 5,00
37.114042000,Async 5,Digital 5,01
37.114129000,Async 5,Digital 5,00
37.114216000,Async 5,Digital 5,04
37.114303000,Async 5,Digital 5,00
37.114390000,Async 5,Digital 5,13
37.149421000,Async 5,Digital 6,04
37.149508000,Async 5,Digital 6,13
37.149594000,Async 5,Digital 6,05
37.149681000,Async 5,Digital 6,01
37.149768000,Async 5,Digital 6,48
37.149855000,Async 5,Digital 6,00
37.149941000,Async 5,Digital 6,01
37.150028000,Async 5,Digital 6,00
38.811507000,Async 5,Digital 6,04
38.811594000,Async 5,Digital 6,05
38.811680000,Async 5,Digital 6,04
38.811767000,Async 5,Digital 6,00
38.811854000,Async 5,Digital 6,48
38.811940000,Async 5,Digital 6,00
38.812027000,Async 5,Digital 6,13
38.812243000,Async 5,Digital 5,01
38.812330000,Async 5,Digital 5,1A
38.812417000,Async 5,Digital 5,0C
38.812504000,Async 5,Digital 5,01
38.812591000,Async 5,Digital 5,03
38.814481000,Async 5,Digital 6,04
38.814568000,Async 5,Digital 6,0E
38.814654000,Async 5,Digital 6,04
38.814741000,Async 5,Digital 6,01
38.814828000,Async 5,Digital 6,1A
38.814915000,Async 5,Digital 6,0C
38.815001000,Async 5,Digital 6,00
38.815206000,Async 5,Digital 5,01
38.815293000,Async 5,Digital 5,08
38.815380000,Async 5,Digital 5,20
38.815467000,Async 5,Digital 5,20
38.815554000,Async 5,Digital 5,12
38.815641000,Async 5,Digital 5,02
38.815727000,Async 5,Digital 5,01
38.815814000,Async 5,Digital 5,01
38.815901000,Async 5,Digital 5,0E
38.815988000,Async 5,Digital 5,09
38.816075000,Async 5,Digital 5,49
38.816162000,Async 5,Digital 5,50
38.816249000,Async 5,Digital 5,4F
38.816335000,Async 5,Digital 5,53
38.816422000,Async 5,Digital 5,30
38.816509000,Async 5,Digital 5,31
38.816596000,Async 5,Digital 5,38
38.816683000,Async 5,Digital 5,38
38.816770000,Async 5,Digital 5,33
38.816857000,Async 5,Digital 5,36
38.816944000,Async 5,Digital 5,33
38.817030000,Async 5,Digital 5,34
38.817117000,Async 5,Digital 5,00
38.817204000,Async 5,Digital 5,00
38.817291000,Async 5,Digital 5,00
38.817378000,Async 5,Digital 5,00
38.817465000,Async 5,Digital 5,00
38.817552000,Async 5,Digital 5,00
38.817639000,Async 5,Digital 5,00
38.817725000,Async 5,Digital 5,00
38.817812000,Async 5,Digital 5,00
38.817899000,Async 5,Digital 5,00
38.817986000,Async 5,Digital 5,00
38.818073000,Async 5,Digital 5,00
38.818160000,Async 5,Digital 5,00
38.818247000,Async 5,Digital 5,00
38.818834000,Async 5,Digital 6,04
38.818921000,Async 5,Digital 6,0E
38.819007000,Async 5,Digital 6,04
38.819094000,Async 5,Digital 6,01
38.819181000,Async 5,Digital 6,08
38.819268000,Async 5,Digital 6,20
38.819354000,Async 5,Digital 6,00
38.819554000,Async 5,Digital 5,01
38.819641000,Async 5,Digital 5,09
38.819727000,Async 5,Digital 5,20
38.819814000,Async 5,Digital 5,20
38.819901000,Async 5,Digital 5,1F
38.819988000,Async 5,Digital 5,02
38.820075000,Async 5,Digital 5,01
38.820162000,Async 5,Digital 5,01
38.820249000,Async 5,Digital 5,0E
38.820336000,Async 5,Digital 5,09
38.820423000,Async 5,Digital 5,49
38.820510000,Async 5,Digital 5,50
38.820597000,Async 5,Digital 5,4F
38.820684000,Async 5,Digital 5,53
38.820771000,Async 5,Digital 5,30
38.820857000,Async 5,Digital 5,31
38.820944000,Async 5,Digital 5,38
38.821031000,Async 5,Digital 5,38
38.821118000,Async 5,Digital 5,33
38.821205000,Async 5,Digital 5,36
38.821292000,Async 5,Digital 5,33
38.821379000,Async 5,Digital 5,34
38.821466000,Async 5,Digital 5,00
38.821553000,Async 5,Digital 5,00
38.821640000,Async 5,Digital 5,00
38.821727000,Async 5,Digital 5,00
38.821813000,Async 5,Digital 5,00
38.821900000,Async 5,Digital 5,00
38.821987000,Async 5,Digital 5,00
38.822074000,Async 5,Digital 5,00
38.822161000,Async 5,Digital 5,00
38.822248000,Async 5,Digital 5,00
38.822335000,Async 5,Digital 5,00
38.822422000,Async 5,Digital 5,00
38.822509000,Async 5,Digital 5,00
38.822596000,Async 5,Digital 5,00
38.823170000,Async 5,Digital 6,04
38.823256000,Async 5,Digital 6,0E
38.823343000,Async 5,Digital 6,04
38.823430000,Async 5,Digital 6,01
38.823516000,Async 5,Digital 6,09
38.823603000,Async 5,Digital 6,20
38.823690000,Async 5,Digital 6,00
38.823879000,Async 5,Digital 5,01
38.823966000,Async 5,Digital 5,0A
38.824053000,Async 5,Digital 5,20
38.824140000,Async 5,Digital 5,01
38.824227000,Async 5,Digital 5,01
38.826126000,Async 5,Digital 6,04
38.826213000,Async 5,Digital 6,0E
38.826300000,Async 5,Digital 6,04
38.826386000,Async 5,Digital 6,01
38.826473000,Async 5,Digital 6,0A
38.826560000,Async 5,Digital 6,20
38.826647000,Async 5,Digital 6,00
